product_name,product_image,product_url
Fidelio Multimedia Cabinet,https://cdn.shopify.com/s/files/1/0093/8033/1583/files/fideliomultimedia1.png?v=1698919623,https://proof.com.sg/products/fidelio-multimedia-cabinets
Get Back 2-Seater Sofa,https://cdn.shopify.com/s/files/1/0093/8033/1583/files/get1.png?v=1698919019,https://proof.com.sg/products/get-back-sofa
Grantorino 3-Seater Sofa,https://cdn.shopify.com/s/files/1/0093/8033/1583/files/3seater.png?v=1705974529,https://proof.com.sg/products/grantorino-sofa
Mamy Blue Armchair with Ottoman,https://cdn.shopify.com/s/files/1/0093/8033/1583/files/mamy3_1c700241-6a2a-4693-92e0-7e981dcef9a9.png?v=1698910494,https://proof.com.sg/products/mamy-blue-armchair
Othello Table,https://cdn.shopify.com/s/files/1/0093/8033/1583/files/OthelloTable3.png?v=1698909751,https://proof.com.sg/products/othello-table
Ginger Armchair,https://cdn.shopify.com/s/files/1/0093/8033/1583/files/ginger1.png?v=1701842489,https://proof.com.sg/products/pf3211f5542101
Bob Coffee Table,https://cdn.shopify.com/s/files/1/0093/8033/1583/files/bob3.png?v=1698909376,https://proof.com.sg/products/bob-coffee-table
Jay Lounge Swivel Armchair,https://cdn.shopify.com/s/files/1/0093/8033/1583/files/jay4.png?v=1698908932,https://proof.com.sg/products/pf2211f5605113
Fidelio Low Cabinet,https://cdn.shopify.com/s/files/1/0093/8033/1583/files/fedeliolow7.png?v=1698908194,https://proof.com.sg/products/fidelio-low-storage-cabinets
Mr Moonlight Bed,https://cdn.shopify.com/s/files/1/0093/8033/1583/files/MML1.png?v=1706086315,https://proof.com.sg/products/pf3211d5615272
Come Together 3-Seater Sofa,https://cdn.shopify.com/s/files/1/0093/8033/1583/files/come2.png?v=1698905110,https://proof.com.sg/products/come-together-large-three-seater-sofa
Get Back Curved Sectional Sofa,https://cdn.shopify.com/s/files/1/0093/8033/1583/files/getback6.png?v=1698904722,https://proof.com.sg/products/get-back-curved-sectional-sofa
Let It Be 2-Seater Large Sofa,https://cdn.shopify.com/s/files/1/0093/8033/1583/files/letitbe-21.png?v=1698904008,https://proof.com.sg/products/two-seater-large-sofa
Let It Be 3-Seater Sofa,https://cdn.shopify.com/s/files/1/0093/8033/1583/files/LetItBe31.png?v=1699407635,https://proof.com.sg/products/low-arm-three-seater-sofa
Grantorino Sectional Sofa,https://cdn.shopify.com/s/files/1/0093/8033/1583/files/Grantorino3.png?v=1698902244,https://proof.com.sg/products/grantorino-sectional-sofa
Martha Armchair,https://cdn.shopify.com/s/files/1/0093/8033/1583/files/martha2_61a11402-9810-4c6f-9d98-df6c119eba6f.png?v=1706173651,https://proof.com.sg/products/martha-armchair
Jay Lounge Reclining Armchair with Ottoman,https://cdn.shopify.com/s/files/1/0093/8033/1583/files/JayLounge1.png?v=1698896458,https://proof.com.sg/products/reclining-armchair-ottoman
Fidelio Chest of Drawers,https://cdn.shopify.com/s/files/1/0093/8033/1583/files/FidelioChest2.png?v=1698896192,https://proof.com.sg/products/fidelio-chest-drawers
Fidelio Night Table,https://cdn.shopify.com/s/files/1/0093/8033/1583/files/FidelioNight1.png?v=1698896415,https://proof.com.sg/products/fidelio-night-table
XI Table Lamp,https://cdn.shopify.com/s/files/1/0093/8033/1583/files/XIlamp2.png?v=1698895773,https://proof.com.sg/products/xi-table-lamp
Soffi Composition Chandelier,https://cdn.shopify.com/s/files/1/0093/8033/1583/files/soffi4.jpg?v=1710907003,https://proof.com.sg/products/suspension-small-lamp
Bob Side Table,https://cdn.shopify.com/s/files/1/0093/8033/1583/files/bobside1.png?v=1698894796,https://proof.com.sg/products/bob-side-table-43-cm
Elisir Cleaning Kit,https://cdn.shopify.com/s/files/1/0093/8033/1583/files/ElisirCleaningKit2.png?v=1698894661,https://proof.com.sg/products/elisir-kit
Bolero Dining Table,https://cdn.shopify.com/s/files/1/0093/8033/1583/files/BoleroDining3.png?v=1698894538,https://proof.com.sg/products/bolero-dining-table-poltrona
Nabucco Table,https://cdn.shopify.com/s/files/1/0093/8033/1583/files/nabucco3.png?v=1698893945,https://proof.com.sg/products/nabucco-table
Let It Be Modular Sofa,https://cdn.shopify.com/s/files/1/0093/8033/1583/files/LetItBe7.png?v=1698893737,https://proof.com.sg/products/modular-sofa
John-John 2-Seater Large Sofa,https://cdn.shopify.com/s/files/1/0093/8033/1583/files/Johnjohn21.png?v=1706235927,https://proof.com.sg/products/john-john-large-2-seater-sofa
Times Lounge Armchair,https://cdn.shopify.com/s/files/1/0093/8033/1583/files/TIMESLOUNGE2.png?v=1698893158,https://proof.com.sg/products/times-lounge-chair
Fidelio Coffee Table,https://cdn.shopify.com/s/files/1/0093/8033/1583/files/fideliocoffee1.png?v=1698887582,https://proof.com.sg/products/fidelio-coffee-table-poltrona
Montera Chair,https://cdn.shopify.com/s/files/1/0093/8033/1583/files/monterac1.png?v=1706174829,https://proof.com.sg/products/montera-chair
Jay Lounge Ottoman,https://cdn.shopify.com/s/files/1/0093/8033/1583/files/FRA10PL5605511.jpg?v=1697785315,https://proof.com.sg/products/jay-lounge-ottoman
Martha Rocking Armchair,https://cdn.shopify.com/s/files/1/0093/8033/1583/files/MarthaRocking5.png?v=1698891796,https://proof.com.sg/products/martha-rocking-armchair
Lepli Ottoman,https://cdn.shopify.com/s/files/1/0093/8033/1583/files/ottoman2.png?v=1698891588,https://proof.com.sg/products/lepli-ottoman
Fred Home Desk,https://cdn.shopify.com/s/files/1/0093/8033/1583/files/freddesk11.png?v=1706091955,https://proof.com.sg/products/fred-home-desk
Fidelio Console,https://cdn.shopify.com/s/files/1/0093/8033/1583/files/fideliocansole7.png?v=1698890877,https://proof.com.sg/products/fidelio-consoles
Ren High Bookcase,https://cdn.shopify.com/s/files/1/0093/8033/1583/files/renbookcase3.png?v=1698890720,https://proof.com.sg/products/ren-bookcase
Fidelio Floor Lamp,https://cdn.shopify.com/s/files/1/0093/8033/1583/files/FidelioFloor1.png?v=1698890512,https://proof.com.sg/products/fidelio-floor-lamp
Massimosistema 3-Seater Sofa,https://cdn.shopify.com/s/files/1/0093/8033/1583/files/Massimosistema3.png?v=1706236197,https://proof.com.sg/products/massimosistema-sofa
Jobs Bookcase,https://cdn.shopify.com/s/files/1/0093/8033/1583/files/jobs2.png?v=1698889499,https://proof.com.sg/products/jobs-bookcase
Fidelio Cabinet,https://cdn.shopify.com/s/files/1/0093/8033/1583/files/pideliocabinet1.png?v=1698834634,https://proof.com.sg/products/fidelio-cabinets-in-saddle-extra-talpa
Viola Armchair,https://cdn.shopify.com/s/files/1/0093/8033/1583/files/Viola1.jpg?v=1710929461,https://proof.com.sg/products/poltrona-frau-viola-armchair-in-nest-leather
Archibald Large Armchair,https://cdn.shopify.com/s/files/1/0093/8033/1583/files/archibaldlarge1.jpg?v=1711093162,https://proof.com.sg/products/poltrona-frau-archibald-large-in-saddle-leather-and-saddle
Mito Sospeso 40,https://cdn.shopify.com/s/files/1/0093/8033/1583/files/Productimages_Occhio-15.jpg?v=1698046198,https://proof.com.sg/products/mito-sospeso
Downtown Meeting Chair,https://cdn.shopify.com/s/files/1/0093/8033/1583/files/meeting1.png?v=1698834317,https://proof.com.sg/products/downtown-meeting-chair
Downtown Visitor Chair,https://cdn.shopify.com/s/files/1/0093/8033/1583/files/visitor1.png?v=1698832489,https://proof.com.sg/products/downtown-visitor-chair
Ilary Coffee Table,https://cdn.shopify.com/s/files/1/0093/8033/1583/files/IlarySide1.png?v=1710994047,https://proof.com.sg/products/ilary-side-table-1
Fidelio Elliptical Side Table,https://cdn.shopify.com/s/files/1/0093/8033/1583/files/felidioside2.png?v=1698887530,https://proof.com.sg/products/fidelio-small-table
Ren Round Mirror,https://cdn.shopify.com/s/files/1/0093/8033/1583/files/roundmirror1.png?v=1698830748,https://proof.com.sg/products/ren-round-mirror
Assaya Armchair,https://cdn.shopify.com/s/files/1/0093/8033/1583/files/AssayaArmchair1.png?v=1698829972,https://proof.com.sg/products/assaya-armchair-with-ottoman
Grant Ottoman,https://cdn.shopify.com/s/files/1/0093/8033/1583/files/grantottoman1.png?v=1698829215,https://proof.com.sg/products/grant-ottoman
Grant Ottoman with Armrest,https://cdn.shopify.com/s/files/1/0093/8033/1583/files/ottomanarm2.png?v=1698829512,https://proof.com.sg/products/grant-ottoman-with-armrest
Archibald Ottoman,https://cdn.shopify.com/s/files/1/0093/8033/1583/files/ottomansc176.png?v=1701747423,https://proof.com.sg/products/archibald-armchair-with-ottoman
Billie Rug,https://cdn.shopify.com/s/files/1/0093/8033/1583/files/billierug.png?v=1698824017,https://proof.com.sg/products/billie-rug
Zhuang Desk Accessories,https://cdn.shopify.com/s/files/1/0093/8033/1583/files/zhuangdesk2.png?v=1698823252,https://proof.com.sg/products/the-objects-zhuang-desk
Zhuang Stackable Case,https://cdn.shopify.com/s/files/1/0093/8033/1583/files/zhuangstacker1.png?v=1698823590,https://proof.com.sg/products/the-objects-zhuang
Mito Sospeso 60,https://cdn.shopify.com/s/files/1/0093/8033/1583/files/OCH20PL00027.png?v=1698046141,https://proof.com.sg/products/mito-sospeso-60
Sento Terra Floor Lamp,https://cdn.shopify.com/s/files/1/0093/8033/1583/files/Productimages_Occhio-29.jpg?v=1698034141,https://proof.com.sg/products/sento-terra
Sento Lettura Floor Lamp,https://cdn.shopify.com/s/files/1/0093/8033/1583/files/Untitleddesign.png?v=1698039633,https://proof.com.sg/products/sento-lettura
Sento Tavolo Table Lamp,https://cdn.shopify.com/s/files/1/0093/8033/1583/files/OCH20PL00023.jpg?v=1698038922,https://proof.com.sg/products/sento-tavolo
Grandeur,https://cdn.shopify.com/s/files/1/0093/8033/1583/files/DianeJames-12.jpg?v=1694364525,https://proof.com.sg/products/phalaenopsis-orchid-5-stems-in-mossed-planter
Windflower,https://cdn.shopify.com/s/files/1/0093/8033/1583/files/DianeJames-07.jpg?v=1694365320,https://proof.com.sg/products/white-anemones-in-ribbed-glass-vase
Go Figure,https://cdn.shopify.com/s/files/1/0093/8033/1583/files/DianeJames-04.jpg?v=1694364469,https://proof.com.sg/products/fig-and-eucalyptus-in-potters-vase
Miss MoneyPenny,https://cdn.shopify.com/s/files/1/0093/8033/1583/files/DianeJames-10.jpg?v=1694364815,https://proof.com.sg/products/money-plant-in-grey-pot
Spring Snow,https://cdn.shopify.com/s/files/1/0093/8033/1583/files/DianeJames-01.jpg?v=1694365161,https://proof.com.sg/products/light-pink-apple-blossoms-in-white-vase
Frond of You,https://cdn.shopify.com/s/files/1/0093/8033/1583/files/DianeJames-14.jpg?v=1694364408,https://proof.com.sg/products/large-palm-fronds-in-tapered-glass-vase
Fab Fig Tree,https://cdn.shopify.com/s/files/1/0093/8033/1583/files/DianeJames-09.jpg?v=1694364290,https://proof.com.sg/products/fiddle-leaf-fig-tree-in-mossed-english-plante
Magnificent,https://cdn.shopify.com/s/files/1/0093/8033/1583/files/DianeJames-03.jpg?v=1694364716,https://proof.com.sg/products/magnolia-and-twig-bouquet-in-tall-cylinder
Painted Leaves,https://cdn.shopify.com/s/files/1/0093/8033/1583/files/DianeJames-02.jpg?v=1694364891,https://proof.com.sg/products/copy-of-magnolia-and-twig-bouquet-in-tall-cylinder
Sihouette,https://cdn.shopify.com/s/files/1/0093/8033/1583/files/DianeJames-11.jpg?v=1694365048,https://proof.com.sg/products/cream-phalaenopsis-orchids-5-stems-in-cane-basket
Peek-A-Book Desk,https://cdn.shopify.com/s/files/1/0093/8033/1583/files/peekabook2.png?v=1698822806,https://proof.com.sg/products/peek-a-book-desk
Iren Desk,https://cdn.shopify.com/s/files/1/0093/8033/1583/files/irendesk3.png?v=1698822080,https://proof.com.sg/products/iren-desk
Mi Low Cabinet,https://cdn.shopify.com/s/files/1/0093/8033/1583/files/Capture_92f03c67-54c6-4154-873b-a03fe4640b89.png?v=1698821019,https://proof.com.sg/products/mi-low-cabinets
Mi High Cabinet,https://cdn.shopify.com/s/files/1/0093/8033/1583/files/micabinet2.png?v=1698820588,https://proof.com.sg/products/mi-high-cabinets
In the Mood 3 Seater Sofa,https://cdn.shopify.com/s/files/1/0093/8033/1583/files/moodsofa6.png?v=1705973405,https://proof.com.sg/products/in-the-mood-sofa
Pierre Rectangle Coffee Table,https://cdn.shopify.com/s/files/1/0093/8033/1583/files/pierrelong1.png?v=1698819591,https://proof.com.sg/products/pierre-small-table
Pierre Square Coffee Table,https://cdn.shopify.com/s/files/1/0093/8033/1583/files/pierre1.png?v=1698818986,https://proof.com.sg/products/pierre-small-square-table
Volare Bed,https://cdn.shopify.com/s/files/1/0093/8033/1583/files/VOLAREbed5.png?v=1698817538,https://proof.com.sg/products/volare-bed
Full TV Cabinet,https://cdn.shopify.com/s/files/1/0093/8033/1583/files/fulltv1.png?v=1698978617,https://proof.com.sg/products/full-tv-cabinets
NeverFull Mid Cabinet,https://cdn.shopify.com/s/files/1/0093/8033/1583/files/NeverFull2.jpg?v=1698978494,https://proof.com.sg/products/neverfull-high-cabinets
Bean Desk,https://cdn.shopify.com/s/files/1/0093/8033/1583/files/beandesk1.png?v=1699421397,https://proof.com.sg/products/bean-writing-desk
Vossia Mid Swivel Armchair,https://cdn.shopify.com/s/files/1/0093/8033/1583/files/vossiamid7.jpg?v=1698977846,https://proof.com.sg/products/vossia-mid-swivel-armchair
√Årbol Side Table,https://cdn.shopify.com/s/files/1/0093/8033/1583/files/arbolside2.jpg?v=1698977570,https://proof.com.sg/products/arbol
T-Bone Armchair,https://cdn.shopify.com/s/files/1/0093/8033/1583/files/t-bone7.jpg?v=1698977215,https://proof.com.sg/products/t-bone-armchair
Evenmore Table,https://cdn.shopify.com/s/files/1/0093/8033/1583/files/evenmore4.jpg?v=1698976938,https://proof.com.sg/products/evenmore-table
Archibald Armchair,https://cdn.shopify.com/s/files/1/0093/8033/1583/files/179.png?v=1706172299,https://proof.com.sg/products/archibald-armchair-1
Gioia Tavolo Table Lamp,https://cdn.shopify.com/s/files/1/0093/8033/1583/products/Capture_1302f215-e440-4cbe-81e3-4d1ecf582e4f.png?v=1693756708,https://proof.com.sg/products/mito-gioia-tavolo
Gioia Equilibrio Table Lamp,https://cdn.shopify.com/s/files/1/0093/8033/1583/files/Productimages_Occhio-01.jpg?v=1693757217,https://proof.com.sg/products/mito-gioia-equilibrio
Gioia Lettura Floor Lamp,https://cdn.shopify.com/s/files/1/0093/8033/1583/files/Productimages_Occhio-06.jpg?v=1693757247,https://proof.com.sg/products/mito-gioia-lettura
Always and Forever,https://cdn.shopify.com/s/files/1/0093/8033/1583/files/DianeJames-18.jpg?v=1694364161,https://proof.com.sg/products/always-and-forever
Ode A La Rose,https://cdn.shopify.com/s/files/1/0093/8033/1583/files/DianeJames-15.jpg?v=1694364840,https://proof.com.sg/products/mixed-roses-in-ribbed-vase
Fountain Palm,https://cdn.shopify.com/s/files/1/0093/8033/1583/files/DianeJames-16.jpg?v=1694364354,https://proof.com.sg/products/fountain-palm-in-modern-planter
Split Philo,https://cdn.shopify.com/s/files/1/0093/8033/1583/files/DianeJames-17.jpg?v=1694365096,https://proof.com.sg/products/split-philo-plant-3-feet
White Whisper,https://cdn.shopify.com/s/files/1/0093/8033/1583/files/DianeJames-19.jpg?v=1694365268,https://proof.com.sg/products/white-hydrangea-in-glass-cylinder
Pretty Perfect,https://cdn.shopify.com/s/files/1/0093/8033/1583/files/DianeJames-08.jpg?v=1694364948,https://proof.com.sg/products/large-peony-bouquet-in-glass-bowl
Tangerine Dream,https://cdn.shopify.com/s/files/1/0093/8033/1583/files/DianeJames-05.jpg?v=1694365220,https://proof.com.sg/products/salmon-phalaenopsis-2-stems-in-ribbed-mossed-planter
Instant Style,https://cdn.shopify.com/s/files/1/0093/8033/1583/files/DianeJames-13.jpg?v=1694364583,https://proof.com.sg/products/white-peony-blossom-in-glass-bowl
Light The Way,https://cdn.shopify.com/s/files/1/0093/8033/1583/files/DianeJames-06.jpg?v=1694364664,https://proof.com.sg/products/small-phalaenopsis-3-stems
Celebrity Rug,https://cdn.shopify.com/s/files/1/0093/8033/1583/products/Capture_6f891ead-6adf-4e63-a318-aca053e8f53d.png?v=1658113351,https://proof.com.sg/products/sartori
Sequins Border Rug,https://cdn.shopify.com/s/files/1/0093/8033/1583/products/Capture_bd2847c3-f714-4392-b475-6fa9e18419c3.png?v=1658131801,https://proof.com.sg/products/tufenkian
Arching Lattice Freshwater Rug,https://cdn.shopify.com/s/files/1/0093/8033/1583/products/Capture_5c168791-8fe6-4fe1-92b1-c6e1db058a97.png?v=1658132935,https://proof.com.sg/products/arching-lattice-rug
Arching Lattice Auburn Rug,https://cdn.shopify.com/s/files/1/0093/8033/1583/products/Capture_72c4053e-442f-4eab-a6ea-5ebcacb22a55.png?v=1658137015,https://proof.com.sg/products/arching-lattice-auburn-rug
Effervescence De Chine Grey Rug,https://cdn.shopify.com/s/files/1/0093/8033/1583/products/Capture_4eaca5f4-3072-41f1-81f5-533a5db0464e.png?v=1658137812,https://proof.com.sg/products/effervescence-de-chine-grey-rug
Burano Rug,https://cdn.shopify.com/s/files/1/0093/8033/1583/products/Capture_b7948f27-01fc-44c7-8ebb-fc547c251ef3.png?v=1658195223,https://proof.com.sg/products/burano-rug
Luoghi Rug,https://cdn.shopify.com/s/files/1/0093/8033/1583/products/A7401071.jpg?v=1658912896,https://proof.com.sg/products/gt-design
Railway Rug,https://cdn.shopify.com/s/files/1/0093/8033/1583/products/Capture_1c47eb25-89fe-4308-ab0b-0d93d6e12219.png?v=1658211730,https://proof.com.sg/products/woodnotes
Pecan Rug,https://cdn.shopify.com/s/files/1/0093/8033/1583/files/PECANRUG.png?v=1698816834,https://proof.com.sg/products/pecan-carpet
Sherazade Basket,https://cdn.shopify.com/s/files/1/0093/8033/1583/files/SHERAZADE.png?v=1698816360,https://proof.com.sg/products/sherazade-basket
Solaria 3-Seater Sofa,https://cdn.shopify.com/s/files/1/0093/8033/1583/files/Capture_fd155818-7778-4c7d-9dec-b6fd4359a503.png?v=1698816201,https://proof.com.sg/products/solaria-3-seater-sofa
Sparkler Lamp,https://cdn.shopify.com/s/files/1/0093/8033/1583/files/Capture_6935effc-d64f-45ee-9e01-8430e81d5684.png?v=1698818953,https://proof.com.sg/products/sparker-large-lantern
Bob Outdoor Side Table,https://cdn.shopify.com/s/files/1/0093/8033/1583/files/babsidetable1.png?v=1698815448,https://proof.com.sg/products/bob-outdoor-table-1
Sherazade Rug,https://cdn.shopify.com/s/files/1/0093/8033/1583/files/ECRU.png?v=1698810913,https://proof.com.sg/products/sherazade-rug
Grand Vizier Rug,https://cdn.shopify.com/s/files/1/0093/8033/1583/files/GRANDVIZIERlg.png?v=1698810337,https://proof.com.sg/products/grand-vizier-rug
Outdoor Cushion,https://cdn.shopify.com/s/files/1/0093/8033/1583/files/Capture_ef4c3984-63e8-4b16-920b-41164de89547.png?v=1698810255,https://proof.com.sg/products/outdoor-cushion
Solaria Table,https://cdn.shopify.com/s/files/1/0093/8033/1583/files/solariatable1.png?v=1698809113,https://proof.com.sg/products/solaria-table
The Secret Garden 2-Seater Sofa,https://cdn.shopify.com/s/files/1/0093/8033/1583/files/gardensofa5.png?v=1698808810,https://proof.com.sg/products/the-secret-garden-2-seater-sofa
The Secret Garden Coffee Table,https://cdn.shopify.com/s/files/1/0093/8033/1583/files/GARDENSMALL1.png?v=1698807368,https://proof.com.sg/products/the-secret-garden-table
The Secret Garden Dining Table,https://cdn.shopify.com/s/files/1/0093/8033/1583/files/secretgardendining1.png?v=1698805179,https://proof.com.sg/products/the-secret-garden-dining-table
Bertoia Molded Shell Side Chair,https://cdn.shopify.com/s/files/1/0093/8033/1583/files/420PL_IN-WH_W_FZ.jpg?v=1711102980,https://proof.com.sg/products/knoll
Saarinen Dining Table,https://cdn.shopify.com/s/files/1/0093/8033/1583/files/saarinendining.jpg?v=1698992043,https://proof.com.sg/products/saarinen-dining-table
Liz Wood Chair,https://cdn.shopify.com/s/files/1/0093/8033/1583/files/lizwood5.jpg?v=1698991413,https://proof.com.sg/products/liz-wood-chair-1
Teresa Chair,https://cdn.shopify.com/s/files/1/0093/8033/1583/files/teresa1.png?v=1698976167,https://proof.com.sg/products/teresa-chair
Car Diffuser (Case only),https://cdn.shopify.com/s/files/1/0093/8033/1583/files/yellow.png?v=1698805599,https://proof.com.sg/products/poltrona-frau-car-diffuser-and-refill-set-sold-separately
Car Diffuser (Refill only),https://cdn.shopify.com/s/files/1/0093/8033/1583/files/Capture_0deaa69d-5dae-4791-94e6-d4785a612ee4_1.png?v=1698800808,https://proof.com.sg/products/poltrona-frau-car-diffuser-refill-only
Mandala Movable Backdrop,https://cdn.shopify.com/s/files/1/0093/8033/1583/files/PL-34.jpg?v=1698055431,https://proof.com.sg/products/mandala
Sciara Table,https://cdn.shopify.com/s/files/1/0093/8033/1583/files/Sciaratable1.png?v=1699421299,https://proof.com.sg/products/sciara-table
Kiti Chair,https://cdn.shopify.com/s/files/1/0093/8033/1583/files/kiti1.png?v=1699003361,https://proof.com.sg/products/kiti-chair
Telar Chair,https://cdn.shopify.com/s/files/1/0093/8033/1583/files/telar.png?v=1699002439,https://proof.com.sg/products/telar-chair
Zoe Rug,https://cdn.shopify.com/s/files/1/0093/8033/1583/files/PL-11-2.jpg?v=1693673674,https://proof.com.sg/products/zoe-rug
Cove Sofa,https://cdn.shopify.com/s/files/1/0093/8033/1583/files/PL-13_e60dcb84-c09f-4bfd-bbe0-060132df0d33.jpg?v=1693656711,https://proof.com.sg/products/cove-sofa
Giro Side Table,https://cdn.shopify.com/s/files/1/0093/8033/1583/files/giro2.png?v=1699000718,https://proof.com.sg/products/giro-side-table
Nido Chair,https://cdn.shopify.com/s/files/1/0093/8033/1583/files/NidoChair1.png?v=1699000054,https://proof.com.sg/products/nido-chair
Sciara Round Coffee Table,https://cdn.shopify.com/s/files/1/0093/8033/1583/files/Sciara3.png?v=1698999797,https://proof.com.sg/products/sciara-side-table
Ami Armchair,https://cdn.shopify.com/s/files/1/0093/8033/1583/files/Ami2.png?v=1698999210,https://proof.com.sg/products/ami-armchair
Orbitry Armchair,https://cdn.shopify.com/s/files/1/0093/8033/1583/files/Orbitry3.png?v=1698998623,https://proof.com.sg/products/orbitry-armchair
Lanterna,https://cdn.shopify.com/s/files/1/0093/8033/1583/files/Lanterna2.png?v=1698998170,https://proof.com.sg/products/lanterna-lantern
Strap Side Table,https://cdn.shopify.com/s/files/1/0093/8033/1583/files/STRAP4.png?v=1698998880,https://proof.com.sg/products/strap-side-table
Berry Pouf,https://cdn.shopify.com/s/files/1/0093/8033/1583/files/berry2.png?v=1698997023,https://proof.com.sg/products/berry-pouf
Moondance Night Table,https://cdn.shopify.com/s/files/1/0093/8033/1583/files/moondance.jpg?v=1710986599,https://proof.com.sg/products/moondance-night-table-1
Mi Trolley,https://cdn.shopify.com/s/files/1/0093/8033/1583/files/mitrolley2.png?v=1698747538,https://proof.com.sg/products/mi-trolley
Plot Room Divider,https://cdn.shopify.com/s/files/1/0093/8033/1583/files/roomplot8.png?v=1698744346,https://proof.com.sg/products/plot-room-divider
Bob Large Coffee Table,https://cdn.shopify.com/s/files/1/0093/8033/1583/files/PF5364632-00004.jpg?v=1711092472,https://proof.com.sg/products/bob-coffee-table-o60cm
Decorative Cushion,https://cdn.shopify.com/s/files/1/0093/8033/1583/files/Capture_f65f6a27-39f9-4604-a070-3d2d2c0adc72.png?v=1698799569,https://proof.com.sg/products/leather-cushion
Archibald Dining Chair,https://cdn.shopify.com/s/files/1/0093/8033/1583/files/archibalddining5.png?v=1698742400,https://proof.com.sg/products/archibald-dining-chair-1
Platner Armchair,https://cdn.shopify.com/s/files/1/0093/8033/1583/files/platnerchr3.jpg?v=1698991127,https://proof.com.sg/products/platner-side-chair
Bertoia Bird Chair,https://cdn.shopify.com/s/files/1/0093/8033/1583/files/BertoiaBird.png?v=1698994991,https://proof.com.sg/products/bertoia-high-chair
Avio Modular Sofa,https://cdn.shopify.com/s/files/1/0093/8033/1583/files/avio5.jpg?v=1698990007,https://proof.com.sg/products/avio-modular-sofa
Barcelona Chair,https://cdn.shopify.com/s/files/1/0093/8033/1583/files/baecelonachair1.jpg?v=1699005074,https://proof.com.sg/products/barcelona-chair
Barcelona Daybed,https://cdn.shopify.com/s/files/1/0093/8033/1583/files/Barcelona3.jpg?v=1698988909,https://proof.com.sg/products/barcelona-daybed
Alexander Girard Side Table,https://cdn.shopify.com/s/files/1/0093/8033/1583/files/AlexanderGirard3.jpg?v=1698984422,https://proof.com.sg/products/alexander-girard-table
Saarinen Conference Armchair,https://cdn.shopify.com/s/files/1/0093/8033/1583/products/Capture_91f8ce95-5115-4cac-9ae7-ea363f4b3e43.png?v=1666944816,https://proof.com.sg/products/saarinen-conference-armchair
Saarinen Conference Sidechair,https://cdn.shopify.com/s/files/1/0093/8033/1583/products/Capture_fdfee05f-43e9-4f5e-b2e5-ba0d03cc551f.png?v=1666945529,https://proof.com.sg/products/saarinen-conference-sidechair
Bottled,https://cdn.shopify.com/s/files/1/0093/8033/1583/files/bottled1.png?v=1699239018,https://proof.com.sg/products/ambientec
Hymn,https://cdn.shopify.com/s/files/1/0093/8033/1583/files/hymn1.png?v=1699238692,https://proof.com.sg/products/hymn
Sage,https://cdn.shopify.com/s/files/1/0093/8033/1583/files/sage1.png?v=1699238451,https://proof.com.sg/products/sage
Turn,https://cdn.shopify.com/s/files/1/0093/8033/1583/files/turn1.png?v=1699236901,https://proof.com.sg/products/turn
Turn+,https://cdn.shopify.com/s/files/1/0093/8033/1583/files/turn_1.png?v=1699236536,https://proof.com.sg/products/turn-1
Xtal,https://cdn.shopify.com/s/files/1/0093/8033/1583/files/xtal10.png?v=1699237608,https://proof.com.sg/products/xtal
Cachalot,https://cdn.shopify.com/s/files/1/0093/8033/1583/files/Cachalot1.png?v=1699234798,https://proof.com.sg/products/cachalot
Mandrillus Mask,https://cdn.shopify.com/s/files/1/0093/8033/1583/files/Mandrillusmask1.png?v=1699515022,https://proof.com.sg/products/bosa
Brazza Vase,https://cdn.shopify.com/s/files/1/0093/8033/1583/files/Brazzavase1.png?v=1699514220,https://proof.com.sg/products/brazza-mask
Kandti Vase,https://cdn.shopify.com/s/files/1/0093/8033/1583/files/Kandtivase1.png?v=1699514269,https://proof.com.sg/products/kandti-mask
Sister Clara,https://cdn.shopify.com/s/files/1/0093/8033/1583/files/clara1.png?v=1699512877,https://proof.com.sg/products/hopebird
Sister Louise,https://cdn.shopify.com/s/files/1/0093/8033/1583/files/louise1.png?v=1699513080,https://proof.com.sg/products/sister-louise
Sister Frida,https://cdn.shopify.com/s/files/1/0093/8033/1583/products/bosa-vaso-sister-clara-decoro-ricci_8bf5a153-b3e5-477b-9db0-15569c94401d.jpg?v=1670898317,https://proof.com.sg/products/sister-frida
Maestro Theatrehayon Vase,https://cdn.shopify.com/s/files/1/0093/8033/1583/files/Maestro2.png?v=1699512683,https://proof.com.sg/products/maestro-theatrehayon-vase
TheatreHayon Takuya Double Vase,https://cdn.shopify.com/s/files/1/0093/8033/1583/files/TheatreHayonTakuya1.png?v=1699509266,https://proof.com.sg/products/theatrehayon-takuya-double-vase
TheatreHayon King Vase,https://cdn.shopify.com/s/files/1/0093/8033/1583/files/TheatreHayonvase1.png?v=1699499104,https://proof.com.sg/products/theatrehayon-king-vase
Primates Brazza Mask,https://cdn.shopify.com/s/files/1/0093/8033/1583/files/BrazzaMask1.png?v=1699498944,https://proof.com.sg/products/primates-brazza-mask
Kandti Mask,https://cdn.shopify.com/s/files/1/0093/8033/1583/files/Kandtimask1.png?v=1699498261,https://proof.com.sg/products/kandti-mask-1
Screech Owls Vase,https://cdn.shopify.com/s/files/1/0093/8033/1583/files/owls2.png?v=1699323858,https://proof.com.sg/products/owls-civetta-nana-vase
Barn Owls Vase,https://cdn.shopify.com/s/files/1/0093/8033/1583/files/owls3.png?v=1699323924,https://proof.com.sg/products/owls-barn-vase
Owl Vase,https://cdn.shopify.com/s/files/1/0093/8033/1583/files/owls1.png?v=1699323776,https://proof.com.sg/products/owls-owl-vase
Mr. James,https://cdn.shopify.com/s/files/1/0093/8033/1583/files/Untitled-design-3-10-2048x2048.png?v=1699243215,https://proof.com.sg/products/mr-james
Bernardo Panda,https://cdn.shopify.com/s/files/1/0093/8033/1583/files/Bernardopanda1.png?v=1699243043,https://proof.com.sg/products/bernardo-panda
Primates Plate G1,https://cdn.shopify.com/s/files/1/0093/8033/1583/files/primates-bosa-plateG2.png?v=1699498031,https://proof.com.sg/products/primates-plate
Primates Plate G2,https://cdn.shopify.com/s/files/1/0093/8033/1583/files/primates-bosa-plateG1.png?v=1699498013,https://proof.com.sg/products/primates-plate-g1
Primates Plate G3,https://cdn.shopify.com/s/files/1/0093/8033/1583/files/primates-bosa-plateG3.png?v=1699498059,https://proof.com.sg/products/primates-plate-g3
Primates Plate G5,https://cdn.shopify.com/s/files/1/0093/8033/1583/files/primates-bosa-plateG5.png?v=1699498045,https://proof.com.sg/products/primates-plate-g5
Primates Plate G6,https://cdn.shopify.com/s/files/1/0093/8033/1583/files/primates-bosa-plateG6.png?v=1699498038,https://proof.com.sg/products/primates-plate-g6
Fusca Small Vase,https://cdn.shopify.com/s/files/1/0093/8033/1583/files/Capture_c9081193-7043-4abd-9e29-2f6613c66fe9.png?v=1699321287,https://proof.com.sg/products/fusca-vase
Fusca Large Vase,https://cdn.shopify.com/s/files/1/0093/8033/1583/files/furca1.png?v=1699321289,https://proof.com.sg/products/fusca-large-vase
Flying Circles Bookcase,https://cdn.shopify.com/s/files/1/0093/8033/1583/files/flyingcircle1.jpg?v=1698975910,https://proof.com.sg/products/flying-circles-bookcase
Scrinium Vanity,https://cdn.shopify.com/s/files/1/0093/8033/1583/files/Scrinium1.jpg?v=1698975610,https://proof.com.sg/products/scrinium-vanity
Alberi Di Toscana,https://cdn.shopify.com/s/files/1/0093/8033/1583/files/Alberi1.jpg?v=1698975007,https://proof.com.sg/products/alberi-di-toscana
Wine Bag,https://cdn.shopify.com/s/files/1/0093/8033/1583/files/winebag1.png?v=1698739769,https://proof.com.sg/products/wine-bag
Ginger Ale Chair,https://cdn.shopify.com/s/files/1/0093/8033/1583/files/Gingerale6.png?v=1698739338,https://proof.com.sg/products/ginger-ale-chair
Aurora Tre King Bed,https://cdn.shopify.com/s/files/1/0093/8033/1583/files/Aututotre8.png?v=1698735939,https://proof.com.sg/products/aurora-tre-king-bed
Happy Jack Sofa,https://cdn.shopify.com/s/files/1/0093/8033/1583/files/happyjack4.png?v=1698735248,https://proof.com.sg/products/happy-jack-sofa
Harp Rug,https://cdn.shopify.com/s/files/1/0093/8033/1583/files/PF5623883-00001.jpg?v=1710990199,https://proof.com.sg/products/harp-rug
Fidelio Small Rectangle Side Table,https://cdn.shopify.com/s/files/1/0093/8033/1583/files/fideliosmall1.png?v=1698731984,https://proof.com.sg/products/fidelio-side-table
Fidelio Rectangle Side Table,https://cdn.shopify.com/s/files/1/0093/8033/1583/files/Fidelioretangle.png?v=1698731448,https://proof.com.sg/products/fidelio-coffee-table-1
Fiorile Triangle Table,https://cdn.shopify.com/s/files/1/0093/8033/1583/files/fioriletrangle5.png?v=1698726529,https://proof.com.sg/products/fiorile-triangle-table
Fiorile Square Coffee Table,https://cdn.shopify.com/s/files/1/0093/8033/1583/files/fiorilecoffeetable.png?v=1698726055,https://proof.com.sg/products/fiorile-square-coffee-table
Fiorile Coffee Table,https://cdn.shopify.com/s/files/1/0093/8033/1583/files/fireliocoffeetable1.png?v=1698725682,https://proof.com.sg/products/fiorile-coffee-table-1
Fiorile Dual Shelf Coffee Table,https://cdn.shopify.com/s/files/1/0093/8033/1583/files/dualshaft2.png?v=1698724517,https://proof.com.sg/products/fiorile-coffee-table-with-dual-shelf
Ren Side Table,https://cdn.shopify.com/s/files/1/0093/8033/1583/files/rensidetable6.png?v=1702439156,https://proof.com.sg/products/ren-side-table-1
Ren Valet,https://cdn.shopify.com/s/files/1/0093/8033/1583/files/renvalet2.png?v=1698721573,https://proof.com.sg/products/ren-valet
Ren Dressing Table,https://cdn.shopify.com/s/files/1/0093/8033/1583/files/rendressingtable4.png?v=1698720028,https://proof.com.sg/products/copy-of-ren-dressing-table
Ren Standing Mirror,https://cdn.shopify.com/s/files/1/0093/8033/1583/files/renstandingmirror3.png?v=1698714698,https://proof.com.sg/products/ren-standing-mirror
Lloyd Tex Bookcase,https://cdn.shopify.com/s/files/1/0093/8033/1583/files/LloydTexBookcase1.png?v=1698717676,https://proof.com.sg/products/llyod-bookcase
Montera Mas Chair,https://cdn.shopify.com/s/files/1/0093/8033/1583/files/Monteramas2.png?v=1698717492,https://proof.com.sg/products/montera-mas-chair-1
Isadora Chair,https://cdn.shopify.com/s/files/1/0093/8033/1583/files/isadorapol1.png?v=1706078354,https://proof.com.sg/products/isadora-chair-1
Journey Cushion,https://cdn.shopify.com/s/files/1/0093/8033/1583/files/Pier157.png?v=1698369786,https://proof.com.sg/products/journey-cushion-57x35
Journey Cushion,https://cdn.shopify.com/s/files/1/0093/8033/1583/files/Pier1.png?v=1698369399,https://proof.com.sg/products/journey-cushion-47x47
Homey Table,https://cdn.shopify.com/s/files/1/0093/8033/1583/files/Homey1.png?v=1698716584,https://proof.com.sg/products/homey
Tableau,https://cdn.shopify.com/s/files/1/0093/8033/1583/files/Hiver.png?v=1698716484,https://proof.com.sg/products/tableau-130-x-130
Leather Basket,https://cdn.shopify.com/s/files/1/0093/8033/1583/files/Leatherbasket_Basket.png?v=1698716114,https://proof.com.sg/products/leather-basket
Chambre Close,https://cdn.shopify.com/s/files/1/0093/8033/1583/files/CC-10.jpg?v=1711101214,https://proof.com.sg/products/chambre-close
Water Illusion Vase,https://cdn.shopify.com/s/files/1/0093/8033/1583/files/waterillusion5_6bb4bdc2-57b5-4cfb-86f4-17ec6d5343d8.png?v=1698716034,https://proof.com.sg/products/water-illusion-vase-sunny-side
Leather Pot - Large,https://cdn.shopify.com/s/files/1/0093/8033/1583/files/Large_d0628267-cb5e-452a-abdf-4e8d27bdcb67.png?v=1698715521,https://proof.com.sg/products/alto-leather-pot
Zhuang Round Tray,https://cdn.shopify.com/s/files/1/0093/8033/1583/files/roundtray.png?v=1698715789,https://proof.com.sg/products/zhuang-round-tray
Zhuang Oval Tray,https://cdn.shopify.com/s/files/1/0093/8033/1583/files/ovaltray.png?v=1698715769,https://proof.com.sg/products/zhuang-oval-tray
Leather Pot - High,https://cdn.shopify.com/s/files/1/0093/8033/1583/files/High_4cff9a18-2ac9-4aca-90a3-640b1a2623fb.png?v=1698715514,https://proof.com.sg/products/alto-leather-pot-small
Leather Pot - Small,https://cdn.shopify.com/s/files/1/0093/8033/1583/files/small_edb5d5e8-68f0-44f4-99cd-d81576a78ad3.png?v=1698715503,https://proof.com.sg/products/alto-leather-pot-medium
Downtown Executive Chair,https://cdn.shopify.com/s/files/1/0093/8033/1583/files/EXECUTIVE1.png?v=1706152682,https://proof.com.sg/products/downtown-executive-chair
Trust Desk,https://cdn.shopify.com/s/files/1/0093/8033/1583/files/trustdesk2.jpg?v=1711956334,https://proof.com.sg/products/trust-desk
Leather Case,https://cdn.shopify.com/s/files/1/0093/8033/1583/files/leathercase1_488a851c-aa9d-40bf-b136-d29360cc5e4f.png?v=1698714874,https://proof.com.sg/products/leather-case
Mito Sfera Corda 60,https://cdn.shopify.com/s/files/1/0093/8033/1583/files/Productimages_Occhio-08.jpg?v=1693757275,https://proof.com.sg/products/mito-sfera-60
Saint Louis Ceiling Lamp,https://cdn.shopify.com/s/files/1/0093/8033/1583/files/saint1.jpg?v=1698973868,https://proof.com.sg/products/saint-louis-ceiling-lamp
"Saarinen Side Table 20""",https://cdn.shopify.com/s/files/1/0093/8033/1583/files/saarinenside207.jpg?v=1698984160,https://proof.com.sg/products/saarinen-side-table-20
Saarinen Oval Dining Table,https://cdn.shopify.com/s/files/1/0093/8033/1583/files/SaarinenOval3.jpg?v=1698983694,https://proof.com.sg/products/saarinen-oval-dining-table
Platner Round Table,https://cdn.shopify.com/s/files/1/0093/8033/1583/files/Knoll-27_bff4386c-ee9d-486c-9f28-c7e039b76cd0.jpg?v=1699421171,https://proof.com.sg/products/platner-round-table
Saarinen Tulip Side Chair,https://cdn.shopify.com/s/files/1/0093/8033/1583/files/Saarinentulip2.jpg?v=1698982287,https://proof.com.sg/products/saarinen-tulip-side-chair
Four Season Stool,https://cdn.shopify.com/s/files/1/0093/8033/1583/files/4seasonstool3.jpg?v=1698981091,https://proof.com.sg/products/four-season-stool
Pilot High Back Armchair,https://cdn.shopify.com/s/files/1/0093/8033/1583/files/Pilothigh3.jpg?v=1698980973,https://proof.com.sg/products/pilot-high-back-armchair
Pilot Ottoman,https://cdn.shopify.com/s/files/1/0093/8033/1583/files/pilotottoman2.jpg?v=1698980786,https://proof.com.sg/products/pilot-ottoman
"Saarinen Side Table 16""",https://cdn.shopify.com/s/files/1/0093/8033/1583/files/saarinen161.jpg?v=1698979082,https://proof.com.sg/products/saarinen-side-table-16
Mito Raggio Floor Lamp,https://cdn.shopify.com/s/files/1/0093/8033/1583/files/Untitleddesign_3.png?v=1698043456,https://proof.com.sg/products/mito-raggio-floor-lamp
Mandrillus Vase,https://cdn.shopify.com/s/files/1/0093/8033/1583/files/MandrillusVase1.png?v=1699514907,https://proof.com.sg/products/mandrillus-vase
Pangea Geo Rug,https://cdn.shopify.com/s/files/1/0093/8033/1583/files/AN269551.png?v=1701411094,https://proof.com.sg/products/pangea-geo-rug
Composizione 1956 Rug,https://cdn.shopify.com/s/files/1/0093/8033/1583/files/Amini-ManlioRho-Comp1956-charcoal-cover.jpg?v=1701418634,https://proof.com.sg/products/composizione-1956-rug
Happy Jack Sectional Chaise,https://cdn.shopify.com/s/files/1/0093/8033/1583/files/PF5678146SC51SXB1.png?v=1701756947,https://proof.com.sg/products/happy-jack-sectional-chaise
Ren Magazine Rack,https://cdn.shopify.com/s/files/1/0093/8033/1583/files/renmagazine.png?v=1701757455,https://proof.com.sg/products/ren-magazine-rack
Fidelio Round Side Table,https://cdn.shopify.com/s/files/1/0093/8033/1583/files/fidelioround3_fa6af68a-3e23-4b38-8cbc-aa2dd69dd25a.png?v=1701848987,https://proof.com.sg/products/copy-of-fidelio-elliptical-side-table
Vanity Fair XC Ottoman,https://cdn.shopify.com/s/files/1/0093/8033/1583/files/vanity2.png?v=1701850277,https://proof.com.sg/products/copy-of-pilot-ottoman
Vanity Fair XC Armchair,https://cdn.shopify.com/s/files/1/0093/8033/1583/files/vanityfair3.png?v=1701929442,https://proof.com.sg/products/copy-of-archibald-armchair
Archibald 2 Seater Sofa,https://cdn.shopify.com/s/files/1/0093/8033/1583/files/archibaldsofa3.png?v=1702021317,https://proof.com.sg/products/copy-of-happy-jack-sofa
Trusty Tray,https://cdn.shopify.com/s/files/1/0093/8033/1583/files/TRUSTYTRAY2.png?v=1702028773,https://proof.com.sg/products/copy-of-leather-case
Knot Small Pendent Light,https://cdn.shopify.com/s/files/1/0093/8033/1583/files/KnotFresa1.png?v=1702981823,https://proof.com.sg/products/knot-small-fresa
Muffin Lamp,https://cdn.shopify.com/s/files/1/0093/8033/1583/files/Muffin1.png?v=1703143058,https://proof.com.sg/products/muffin-lamp
Lens 9 pcs Pendant Light,https://cdn.shopify.com/s/files/1/0093/8033/1583/files/lens1.png?v=1703132749,https://proof.com.sg/products/lens-9pcs-pendant-light
Soap Mini 12 pcs Pendant Light,https://cdn.shopify.com/s/files/1/0093/8033/1583/files/BMSOAPM3.16WHITE.jpg?v=1708851240,https://proof.com.sg/products/copy-of-lens-9pcs-pendant-light
Monuments Magazine Holder,https://cdn.shopify.com/s/files/1/0093/8033/1583/files/monuments3.png?v=1703146922,https://proof.com.sg/products/monuments-magazine-holder
Echasse Bowl,https://cdn.shopify.com/s/files/1/0093/8033/1583/files/BOWL3.png?v=1703147611,https://proof.com.sg/products/echasse-bowl
Echasse Hurricane,https://cdn.shopify.com/s/files/1/0093/8033/1583/files/HURRICANE2.png?v=1703147814,https://proof.com.sg/products/copy-of-echasse-bowl
Ellington Border Rug,https://cdn.shopify.com/s/files/1/0093/8033/1583/files/ellington1.png?v=1703150488,https://proof.com.sg/products/topaz-floor-mirror
AER Vase,https://cdn.shopify.com/s/files/1/0093/8033/1583/files/aer4.png?v=1703151753,https://proof.com.sg/products/copy-of-ellington-border-rugs
Duo 3-Seater Sofa,https://cdn.shopify.com/s/files/1/0093/8033/1583/files/Duosofa1.png?v=1705996902,https://proof.com.sg/products/duo-3-seater-sofa
Archibald King Armchair,https://cdn.shopify.com/s/files/1/0093/8033/1583/files/archibaldking1_991c314a-ca17-4480-a3ae-d0f090a9d5c8.png?v=1706005130,https://proof.com.sg/products/archibald-king-armchair-1
Duo Lounge Armchair,https://cdn.shopify.com/s/files/1/0093/8033/1583/files/duo1.png?v=1706007891,https://proof.com.sg/products/duo-lounge-armchair
Bob Bistrot Square Small Table,https://cdn.shopify.com/s/files/1/0093/8033/1583/files/bistrot3.png?v=1706079105,https://proof.com.sg/products/bob-bistrot-square-small-table
Mamy Blue Bed 180,https://cdn.shopify.com/s/files/1/0093/8033/1583/files/MAMYBLUE3.png?v=1706083391,https://proof.com.sg/products/mamy-blue-bed-180
Zefiro Bedstead,https://cdn.shopify.com/s/files/1/0093/8033/1583/files/bedstead6.png?v=1706161673,https://proof.com.sg/products/zefiro-bedstead
Mito Cosmo Move 40,https://cdn.shopify.com/s/files/1/0093/8033/1583/files/OCM6E4285W1RG.jpg?v=1711444944,https://proof.com.sg/products/mito-cosmo-move-40
Mito Cosmo Move 60,https://cdn.shopify.com/s/files/1/0093/8033/1583/files/OCM6EG285WIRG.jpg?v=1711445125,https://proof.com.sg/products/mito-cosmo-move-60
