product_name,product_image,product_url,keywords
Fidelio Multimedia Cabinet,https://cdn.shopify.com/s/files/1/0093/8033/1583/files/fideliomultimedia1.png?v=1698919623,https://proof.com.sg/products/fidelio-multimedia-cabinets,"['multimedia cabinet', 'wood', 'modern', 'brown']"
Get Back 2-Seater Sofa,https://cdn.shopify.com/s/files/1/0093/8033/1583/files/get1.png?v=1698919019,https://proof.com.sg/products/get-back-sofa,"['sofa', '2-seater', 'leather', 'brown', 'modern']"
Grantorino 3-Seater Sofa,https://cdn.shopify.com/s/files/1/0093/8033/1583/files/3seater.png?v=1705974529,https://proof.com.sg/products/grantorino-sofa,"['sofa', '3-seater', 'fabric', 'wood', 'beige', 'contemporary']"
Mamy Blue Armchair with Ottoman,https://cdn.shopify.com/s/files/1/0093/8033/1583/files/mamy3_1c700241-6a2a-4693-92e0-7e981dcef9a9.png?v=1698910494,https://proof.com.sg/products/mamy-blue-armchair,"['armchair', 'ottoman', 'leather', 'blue', 'brown', 'high back', 'modern']"
Othello Table,https://cdn.shopify.com/s/files/1/0093/8033/1583/files/OthelloTable3.png?v=1698909751,https://proof.com.sg/products/othello-table,"['table', 'oval', 'marble top', 'wooden base', 'contemporary']"
Ginger Armchair,https://cdn.shopify.com/s/files/1/0093/8033/1583/files/ginger1.png?v=1701842489,https://proof.com.sg/products/pf3211f5542101,"['armchair', 'modern', 'wood', 'leather', 'white', 'brown', 'cut-out backrest']"
Bob Coffee Table,https://cdn.shopify.com/s/files/1/0093/8033/1583/files/bob3.png?v=1698909376,https://proof.com.sg/products/bob-coffee-table,"['coffee table', 'round', 'metal', 'red']"
Jay Lounge Swivel Armchair,https://cdn.shopify.com/s/files/1/0093/8033/1583/files/jay4.png?v=1698908932,https://proof.com.sg/products/pf2211f5605113,"['armchair', 'swivel', 'leather', 'modern', 'grey']"
Fidelio Low Cabinet,https://cdn.shopify.com/s/files/1/0093/8033/1583/files/fedeliolow7.png?v=1698908194,https://proof.com.sg/products/fidelio-low-storage-cabinets,"['low cabinet', 'contemporary', 'metal', 'beige']"
Mr Moonlight Bed,https://cdn.shopify.com/s/files/1/0093/8033/1583/files/MML1.png?v=1706086315,https://proof.com.sg/products/pf3211d5615272,"['bed', 'upholstered', 'contemporary', 'metal legs']"
Come Together 3-Seater Sofa,https://cdn.shopify.com/s/files/1/0093/8033/1583/files/come2.png?v=1698905110,https://proof.com.sg/products/come-together-large-three-seater-sofa,"['sofa', '3-seater', 'fabric', 'grey', 'modern']"
Get Back Curved Sectional Sofa,https://cdn.shopify.com/s/files/1/0093/8033/1583/files/getback6.png?v=1698904722,https://proof.com.sg/products/get-back-curved-sectional-sofa,"['sectional sofa', 'curved', 'leather', 'brown']"
Let It Be 2-Seater Large Sofa,https://cdn.shopify.com/s/files/1/0093/8033/1583/files/letitbe-21.png?v=1698904008,https://proof.com.sg/products/two-seater-large-sofa,"['sofa', '2-seater', 'large', 'fabric', 'dark gray']"
Let It Be 3-Seater Sofa,https://cdn.shopify.com/s/files/1/0093/8033/1583/files/LetItBe31.png?v=1699407635,https://proof.com.sg/products/low-arm-three-seater-sofa,"['sofa', '3-seater', 'fabric', 'neutral color', 'modern']"
Grantorino Sectional Sofa,https://cdn.shopify.com/s/files/1/0093/8033/1583/files/Grantorino3.png?v=1698902244,https://proof.com.sg/products/grantorino-sectional-sofa,"['sectional sofa', 'fabric', 'contemporary', 'grey', 'brown']"
Martha Armchair,https://cdn.shopify.com/s/files/1/0093/8033/1583/files/martha2_61a11402-9810-4c6f-9d98-df6c119eba6f.png?v=1706173651,https://proof.com.sg/products/martha-armchair,"['armchair', 'modern', 'leather', 'black', 'white']"
Jay Lounge Reclining Armchair with Ottoman,https://cdn.shopify.com/s/files/1/0093/8033/1583/files/JayLounge1.png?v=1698896458,https://proof.com.sg/products/reclining-armchair-ottoman,"['reclining armchair', 'ottoman', 'leather', 'modern', 'metal', 'grey']"
Fidelio Chest of Drawers,https://cdn.shopify.com/s/files/1/0093/8033/1583/files/FidelioChest2.png?v=1698896192,https://proof.com.sg/products/fidelio-chest-drawers,"['chest of drawers', 'contemporary', 'wood', 'brown']"
Fidelio Night Table,https://cdn.shopify.com/s/files/1/0093/8033/1583/files/FidelioNight1.png?v=1698896415,https://proof.com.sg/products/fidelio-night-table,"['night table', 'leather', 'brown', 'contemporary']"
XI Table Lamp,https://cdn.shopify.com/s/files/1/0093/8033/1583/files/XIlamp2.png?v=1698895773,https://proof.com.sg/products/xi-table-lamp,"['table lamp', 'metal', 'glass', 'bronze', 'white']"
Soffi Composition Chandelier,https://cdn.shopify.com/s/files/1/0093/8033/1583/files/soffi4.jpg?v=1710907003,https://proof.com.sg/products/suspension-small-lamp,"['chandelier', 'modern', 'glass', 'metal', 'wood', 'gold']"
Bob Side Table,https://cdn.shopify.com/s/files/1/0093/8033/1583/files/bobside1.png?v=1698894796,https://proof.com.sg/products/bob-side-table-43-cm,"['side table', 'marble top', 'metal base', 'white']"
Elisir Cleaning Kit,https://cdn.shopify.com/s/files/1/0093/8033/1583/files/ElisirCleaningKit2.png?v=1698894661,https://proof.com.sg/products/elisir-kit,"['cleaning kit', 'leather care', 'bottles', 'sponge', 'cloth']"
Bolero Dining Table,https://cdn.shopify.com/s/files/1/0093/8033/1583/files/BoleroDining3.png?v=1698894538,https://proof.com.sg/products/bolero-dining-table-poltrona,"['dining table', 'wood', 'metal', 'modern', 'rectangular', 'dark color']"
Nabucco Table,https://cdn.shopify.com/s/files/1/0093/8033/1583/files/nabucco3.png?v=1698893945,https://proof.com.sg/products/nabucco-table,"['table', 'marble', 'wood', 'contemporary']"
Let It Be Modular Sofa,https://cdn.shopify.com/s/files/1/0093/8033/1583/files/LetItBe7.png?v=1698893737,https://proof.com.sg/products/modular-sofa,"['modular sofa', 'contemporary', 'fabric', 'beige']"
John-John 2-Seater Large Sofa,https://cdn.shopify.com/s/files/1/0093/8033/1583/files/Johnjohn21.png?v=1706235927,https://proof.com.sg/products/john-john-large-2-seater-sofa,"['sofa', '2-seater', 'large', 'fabric', 'green', 'modern']"
Times Lounge Armchair,https://cdn.shopify.com/s/files/1/0093/8033/1583/files/TIMESLOUNGE2.png?v=1698893158,https://proof.com.sg/products/times-lounge-chair,"['armchair', 'lounge chair', 'wood', 'fabric', 'brown']"
Fidelio Coffee Table,https://cdn.shopify.com/s/files/1/0093/8033/1583/files/fideliocoffee1.png?v=1698887582,https://proof.com.sg/products/fidelio-coffee-table-poltrona,"['coffee table', 'marble', 'contemporary', 'metal', 'white']"
Montera Chair,https://cdn.shopify.com/s/files/1/0093/8033/1583/files/monterac1.png?v=1706174829,https://proof.com.sg/products/montera-chair,"['chair', 'modern', 'fabric', 'wood', 'beige', 'dark brown']"
Jay Lounge Ottoman,https://cdn.shopify.com/s/files/1/0093/8033/1583/files/FRA10PL5605511.jpg?v=1697785315,https://proof.com.sg/products/jay-lounge-ottoman,"['ottoman', 'lounge', 'fabric', 'brown', 'modern']"
Martha Rocking Armchair,https://cdn.shopify.com/s/files/1/0093/8033/1583/files/MarthaRocking5.png?v=1698891796,https://proof.com.sg/products/martha-rocking-armchair,"['rocking chair', 'armchair', 'wood', 'fabric', 'orange']"
Lepli Ottoman,https://cdn.shopify.com/s/files/1/0093/8033/1583/files/ottoman2.png?v=1698891588,https://proof.com.sg/products/lepli-ottoman,"['ottoman', 'leather', 'green']"
Fred Home Desk,https://cdn.shopify.com/s/files/1/0093/8033/1583/files/freddesk11.png?v=1706091955,https://proof.com.sg/products/fred-home-desk,"['desk', 'contemporary', 'metal', 'wood', 'gray', 'black']"
Fidelio Console,https://cdn.shopify.com/s/files/1/0093/8033/1583/files/fideliocansole7.png?v=1698890877,https://proof.com.sg/products/fidelio-consoles,"['console table', 'wood', 'metal', 'contemporary']"
Ren High Bookcase,https://cdn.shopify.com/s/files/1/0093/8033/1583/files/renbookcase3.png?v=1698890720,https://proof.com.sg/products/ren-bookcase,"['bookcase', 'wood', 'metal', 'shelves', 'tall', 'modern']"
Fidelio Floor Lamp,https://cdn.shopify.com/s/files/1/0093/8033/1583/files/FidelioFloor1.png?v=1698890512,https://proof.com.sg/products/fidelio-floor-lamp,"['floor lamp', 'modern', 'metal', 'white shade', 'red cord']"
Massimosistema 3-Seater Sofa,https://cdn.shopify.com/s/files/1/0093/8033/1583/files/Massimosistema3.png?v=1706236197,https://proof.com.sg/products/massimosistema-sofa,"['sofa', '3-seater', 'fabric', 'neutral color']"
Jobs Bookcase,https://cdn.shopify.com/s/files/1/0093/8033/1583/files/jobs2.png?v=1698889499,https://proof.com.sg/products/jobs-bookcase,"['bookcase', 'contemporary', 'wood', 'black']"
Fidelio Cabinet,https://cdn.shopify.com/s/files/1/0093/8033/1583/files/pideliocabinet1.png?v=1698834634,https://proof.com.sg/products/fidelio-cabinets-in-saddle-extra-talpa,"['cabinet', 'wood', 'modern', 'beige']"
Viola Armchair,https://cdn.shopify.com/s/files/1/0093/8033/1583/files/Viola1.jpg?v=1710929461,https://proof.com.sg/products/poltrona-frau-viola-armchair-in-nest-leather,"['armchair', 'wood', 'yellow', 'fabric', 'spindle back']"
Archibald Large Armchair,https://cdn.shopify.com/s/files/1/0093/8033/1583/files/archibaldlarge1.jpg?v=1711093162,https://proof.com.sg/products/poltrona-frau-archibald-large-in-saddle-leather-and-saddle,"['armchair', 'leather', 'brown', 'metal legs']"
Mito Sospeso 40,https://cdn.shopify.com/s/files/1/0093/8033/1583/files/Productimages_Occhio-15.jpg?v=1698046198,https://proof.com.sg/products/mito-sospeso,"['pendant light', 'modern', 'metal', 'led']"
Downtown Meeting Chair,https://cdn.shopify.com/s/files/1/0093/8033/1583/files/meeting1.png?v=1698834317,https://proof.com.sg/products/downtown-meeting-chair,"['office chair', 'swivel', 'upholstered', 'armrests', 'wheels', 'modern', 'gray']"
Downtown Visitor Chair,https://cdn.shopify.com/s/files/1/0093/8033/1583/files/visitor1.png?v=1698832489,https://proof.com.sg/products/downtown-visitor-chair,"['visitor chair', 'fabric', 'grey', 'black', 'swivel base']"
Ilary Coffee Table,https://cdn.shopify.com/s/files/1/0093/8033/1583/files/IlarySide1.png?v=1710994047,https://proof.com.sg/products/ilary-side-table-1,"['coffee table', 'marble', 'wood', 'contemporary']"
Fidelio Elliptical Side Table,https://cdn.shopify.com/s/files/1/0093/8033/1583/files/felidioside2.png?v=1698887530,https://proof.com.sg/products/fidelio-small-table,"['side table', 'wood', 'elliptical']"
Ren Round Mirror,https://cdn.shopify.com/s/files/1/0093/8033/1583/files/roundmirror1.png?v=1698830748,https://proof.com.sg/products/ren-round-mirror,"['mirror', 'round', 'wall-mounted']"
Assaya Armchair,https://cdn.shopify.com/s/files/1/0093/8033/1583/files/AssayaArmchair1.png?v=1698829972,https://proof.com.sg/products/assaya-armchair-with-ottoman,"['armchair', 'fabric', 'swivel base', 'high back', 'ottoman', 'dark gray']"
Grant Ottoman,https://cdn.shopify.com/s/files/1/0093/8033/1583/files/grantottoman1.png?v=1698829215,https://proof.com.sg/products/grant-ottoman,"['ottoman', 'leather', 'quilted', 'brown', 'contemporary']"
Grant Ottoman with Armrest,https://cdn.shopify.com/s/files/1/0093/8033/1583/files/ottomanarm2.png?v=1698829512,https://proof.com.sg/products/grant-ottoman-with-armrest,"['ottoman', 'armrest', 'fabric', 'beige']"
Archibald Ottoman,https://cdn.shopify.com/s/files/1/0093/8033/1583/files/ottomansc176.png?v=1701747423,https://proof.com.sg/products/archibald-armchair-with-ottoman,"['ottoman', 'leather', 'black', 'green']"
Billie Rug,https://cdn.shopify.com/s/files/1/0093/8033/1583/files/billierug.png?v=1698824017,https://proof.com.sg/products/billie-rug,"['rug', 'geometric', 'contemporary', 'red', 'beige', 'black']"
Zhuang Desk Accessories,https://cdn.shopify.com/s/files/1/0093/8033/1583/files/zhuangdesk2.png?v=1698823252,https://proof.com.sg/products/the-objects-zhuang-desk,"['desk accessories', 'modern', 'fabric', 'leather', 'brown', 'organizer', 'stationery holder']"
Zhuang Stackable Case,https://cdn.shopify.com/s/files/1/0093/8033/1583/files/zhuangstacker1.png?v=1698823590,https://proof.com.sg/products/the-objects-zhuang,"['stackable case', 'leather', 'round', 'oval', 'handle']"
Mito Sospeso 60,https://cdn.shopify.com/s/files/1/0093/8033/1583/files/OCH20PL00027.png?v=1698046141,https://proof.com.sg/products/mito-sospeso-60,"['pendant light', 'modern', 'metal', 'gold']"
Sento Terra Floor Lamp,https://cdn.shopify.com/s/files/1/0093/8033/1583/files/Productimages_Occhio-29.jpg?v=1698034141,https://proof.com.sg/products/sento-terra,"['floor lamp', 'modern', 'metal', 'black', 'copper']"
Sento Lettura Floor Lamp,https://cdn.shopify.com/s/files/1/0093/8033/1583/files/Untitleddesign.png?v=1698039633,https://proof.com.sg/products/sento-lettura,"['floor lamp', 'modern', 'black', 'metal']"
Sento Tavolo Table Lamp,https://cdn.shopify.com/s/files/1/0093/8033/1583/files/OCH20PL00023.jpg?v=1698038922,https://proof.com.sg/products/sento-tavolo,"['table lamp', 'modern', 'metal', 'black', 'gold']"
Grandeur,https://cdn.shopify.com/s/files/1/0093/8033/1583/files/DianeJames-12.jpg?v=1694364525,https://proof.com.sg/products/phalaenopsis-orchid-5-stems-in-mossed-planter,"['artificial plant', 'orchid', 'white', 'faux flower', 'potted']"
Windflower,https://cdn.shopify.com/s/files/1/0093/8033/1583/files/DianeJames-07.jpg?v=1694365320,https://proof.com.sg/products/white-anemones-in-ribbed-glass-vase,"['windflower', 'white', 'floral arrangement']"
Go Figure,https://cdn.shopify.com/s/files/1/0093/8033/1583/files/DianeJames-04.jpg?v=1694364469,https://proof.com.sg/products/fig-and-eucalyptus-in-potters-vase,"It seems there might be a misunderstanding. If you're looking for keywords related to the image you've provided, please specify the title of the item depicted in the image that you want to tag. If ""Go Figure"" is the title you're giving to the item, it doesn't provide enough context for me to generate keywords. If you're looking for keywords for the vase with artificial plants, please confirm that or provide the correct title for the item."
Miss MoneyPenny,https://cdn.shopify.com/s/files/1/0093/8033/1583/files/DianeJames-10.jpg?v=1694364815,https://proof.com.sg/products/money-plant-in-grey-pot,"['plant', 'green', 'potted']"
Spring Snow,https://cdn.shopify.com/s/files/1/0093/8033/1583/files/DianeJames-01.jpg?v=1694365161,https://proof.com.sg/products/light-pink-apple-blossoms-in-white-vase,"['artificial plant', 'flowers', 'spring decor', 'faux blossom']"
Frond of You,https://cdn.shopify.com/s/files/1/0093/8033/1583/files/DianeJames-14.jpg?v=1694364408,https://proof.com.sg/products/large-palm-fronds-in-tapered-glass-vase,"['vase', 'glass', 'transparent', 'geometric']"
Fab Fig Tree,https://cdn.shopify.com/s/files/1/0093/8033/1583/files/DianeJames-09.jpg?v=1694364290,https://proof.com.sg/products/fiddle-leaf-fig-tree-in-mossed-english-plante,"['artificial plant', 'fig tree', 'green', 'potted']"
Magnificent,https://cdn.shopify.com/s/files/1/0093/8033/1583/files/DianeJames-03.jpg?v=1694364716,https://proof.com.sg/products/magnolia-and-twig-bouquet-in-tall-cylinder,"['artificial plant', 'magnolia', 'white', 'green', 'floral arrangement']"
Painted Leaves,https://cdn.shopify.com/s/files/1/0093/8033/1583/files/DianeJames-02.jpg?v=1694364891,https://proof.com.sg/products/copy-of-magnolia-and-twig-bouquet-in-tall-cylinder,"['plant', 'green', 'decorative']"
Sihouette,https://cdn.shopify.com/s/files/1/0093/8033/1583/files/DianeJames-11.jpg?v=1694365048,https://proof.com.sg/products/cream-phalaenopsis-orchids-5-stems-in-cane-basket,"['artificial plant', 'orchid', 'white', 'wicker basket']"
Peek-A-Book Desk,https://cdn.shopify.com/s/files/1/0093/8033/1583/files/peekabook2.png?v=1698822806,https://proof.com.sg/products/peek-a-book-desk,"['desk', 'contemporary', 'wood', 'brown', 'metal accents']"
Iren Desk,https://cdn.shopify.com/s/files/1/0093/8033/1583/files/irendesk3.png?v=1698822080,https://proof.com.sg/products/iren-desk,"['desk', 'contemporary', 'wood', 'gray', 'brown']"
Mi Low Cabinet,https://cdn.shopify.com/s/files/1/0093/8033/1583/files/Capture_92f03c67-54c6-4154-873b-a03fe4640b89.png?v=1698821019,https://proof.com.sg/products/mi-low-cabinets,"['low cabinet', 'contemporary', 'metal', 'fabric', 'wood', 'beige']"
Mi High Cabinet,https://cdn.shopify.com/s/files/1/0093/8033/1583/files/micabinet2.png?v=1698820588,https://proof.com.sg/products/mi-high-cabinets,"['cabinet', 'high', 'wood', 'metal', 'modern']"
In the Mood 3 Seater Sofa,https://cdn.shopify.com/s/files/1/0093/8033/1583/files/moodsofa6.png?v=1705973405,https://proof.com.sg/products/in-the-mood-sofa,"['sofa', '3 seater', 'fabric', 'metal legs', 'contemporary', 'green']"
Pierre Rectangle Coffee Table,https://cdn.shopify.com/s/files/1/0093/8033/1583/files/pierrelong1.png?v=1698819591,https://proof.com.sg/products/pierre-small-table,"['coffee table', 'rectangle', 'metal', 'stone top']"
Pierre Square Coffee Table,https://cdn.shopify.com/s/files/1/0093/8033/1583/files/pierre1.png?v=1698818986,https://proof.com.sg/products/pierre-small-square-table,"['coffee table', 'square', 'marble', 'metal', 'contemporary']"
Volare Bed,https://cdn.shopify.com/s/files/1/0093/8033/1583/files/VOLAREbed5.png?v=1698817538,https://proof.com.sg/products/volare-bed,"['bed', 'contemporary', 'metal frame', 'leather headboard']"
Full TV Cabinet,https://cdn.shopify.com/s/files/1/0093/8033/1583/files/fulltv1.png?v=1698978617,https://proof.com.sg/products/full-tv-cabinets,"['tv cabinet', 'wood', 'modern', 'dark brown']"
NeverFull Mid Cabinet,https://cdn.shopify.com/s/files/1/0093/8033/1583/files/NeverFull2.jpg?v=1698978494,https://proof.com.sg/products/neverfull-high-cabinets,"['cabinet', 'mid-century', 'wood']"
Bean Desk,https://cdn.shopify.com/s/files/1/0093/8033/1583/files/beandesk1.png?v=1699421397,https://proof.com.sg/products/bean-writing-desk,"['desk', 'wood', 'curved', 'vintage']"
Vossia Mid Swivel Armchair,https://cdn.shopify.com/s/files/1/0093/8033/1583/files/vossiamid7.jpg?v=1698977846,https://proof.com.sg/products/vossia-mid-swivel-armchair,"['armchair', 'swivel', 'wood', 'leather', 'black', 'wheels']"
√Årbol Side Table,https://cdn.shopify.com/s/files/1/0093/8033/1583/files/arbolside2.jpg?v=1698977570,https://proof.com.sg/products/arbol,"['side table', 'contemporary', 'black', 'multi-level']"
T-Bone Armchair,https://cdn.shopify.com/s/files/1/0093/8033/1583/files/t-bone7.jpg?v=1698977215,https://proof.com.sg/products/t-bone-armchair,"['armchair', 'wood', 'fabric', 'mid-century modern']"
Evenmore Table,https://cdn.shopify.com/s/files/1/0093/8033/1583/files/evenmore4.jpg?v=1698976938,https://proof.com.sg/products/evenmore-table,"['table', 'contemporary', 'wood', 'rectangular']"
Archibald Armchair,https://cdn.shopify.com/s/files/1/0093/8033/1583/files/179.png?v=1706172299,https://proof.com.sg/products/archibald-armchair-1,"['armchair', 'leather', 'brown', 'modern']"
Gioia Tavolo Table Lamp,https://cdn.shopify.com/s/files/1/0093/8033/1583/products/Capture_1302f215-e440-4cbe-81e3-4d1ecf582e4f.png?v=1693756708,https://proof.com.sg/products/mito-gioia-tavolo,"['table lamp', 'modern', 'metal', 'black']"
Gioia Equilibrio Table Lamp,https://cdn.shopify.com/s/files/1/0093/8033/1583/files/Productimages_Occhio-01.jpg?v=1693757217,https://proof.com.sg/products/mito-gioia-equilibrio,"['table lamp', 'modern', 'metal', 'black']"
Gioia Lettura Floor Lamp,https://cdn.shopify.com/s/files/1/0093/8033/1583/files/Productimages_Occhio-06.jpg?v=1693757247,https://proof.com.sg/products/mito-gioia-lettura,"['floor lamp', 'modern', 'black', 'metal']"
Always and Forever,https://cdn.shopify.com/s/files/1/0093/8033/1583/files/DianeJames-18.jpg?v=1694364161,https://proof.com.sg/products/always-and-forever,"['artificial flowers', 'pink', 'white', 'floral arrangement']"
Ode A La Rose,https://cdn.shopify.com/s/files/1/0093/8033/1583/files/DianeJames-15.jpg?v=1694364840,https://proof.com.sg/products/mixed-roses-in-ribbed-vase,"['flower arrangement', 'roses', 'white', 'glass vase']"
Fountain Palm,https://cdn.shopify.com/s/files/1/0093/8033/1583/files/DianeJames-16.jpg?v=1694364354,https://proof.com.sg/products/fountain-palm-in-modern-planter,"['plant', 'fountain palm', 'green', 'indoor plant', 'tropical']"
Split Philo,https://cdn.shopify.com/s/files/1/0093/8033/1583/files/DianeJames-17.jpg?v=1694365096,https://proof.com.sg/products/split-philo-plant-3-feet,"['plant', 'split philodendron', 'green']"
White Whisper,https://cdn.shopify.com/s/files/1/0093/8033/1583/files/DianeJames-19.jpg?v=1694365268,https://proof.com.sg/products/white-hydrangea-in-glass-cylinder,"['vase', 'glass', 'transparent', 'flower vase']"
Pretty Perfect,https://cdn.shopify.com/s/files/1/0093/8033/1583/files/DianeJames-08.jpg?v=1694364948,https://proof.com.sg/products/large-peony-bouquet-in-glass-bowl,"['faux floral arrangement', 'peonies', 'pink', 'white', 'glass vase']"
Tangerine Dream,https://cdn.shopify.com/s/files/1/0093/8033/1583/files/DianeJames-05.jpg?v=1694365220,https://proof.com.sg/products/salmon-phalaenopsis-2-stems-in-ribbed-mossed-planter,"['plant', 'orchid', 'tangerine', 'flowerpot']"
Instant Style,https://cdn.shopify.com/s/files/1/0093/8033/1583/files/DianeJames-13.jpg?v=1694364583,https://proof.com.sg/products/white-peony-blossom-in-glass-bowl,"['vase', 'glass', 'round', 'transparent']"
Light The Way,https://cdn.shopify.com/s/files/1/0093/8033/1583/files/DianeJames-06.jpg?v=1694364664,https://proof.com.sg/products/small-phalaenopsis-3-stems,"It seems there might be a misunderstanding. ""Light The Way"" does not provide information about the item in the image. However, based on the image provided, I can provide keywords for the artificial orchid plant shown:

['artificial plant', 'orchid', 'faux floral', 'decorative', 'pottery planter']"
Celebrity Rug,https://cdn.shopify.com/s/files/1/0093/8033/1583/products/Capture_6f891ead-6adf-4e63-a318-aca053e8f53d.png?v=1658113351,https://proof.com.sg/products/sartori,"['rug', 'brown']"
Sequins Border Rug,https://cdn.shopify.com/s/files/1/0093/8033/1583/products/Capture_bd2847c3-f714-4392-b475-6fa9e18419c3.png?v=1658131801,https://proof.com.sg/products/tufenkian,"['rug', 'sequins', 'border', 'gray']"
Arching Lattice Freshwater Rug,https://cdn.shopify.com/s/files/1/0093/8033/1583/products/Capture_5c168791-8fe6-4fe1-92b1-c6e1db058a97.png?v=1658132935,https://proof.com.sg/products/arching-lattice-rug,"['rug', 'geometric', 'lattice', 'freshwater', 'white', 'gold']"
Arching Lattice Auburn Rug,https://cdn.shopify.com/s/files/1/0093/8033/1583/products/Capture_72c4053e-442f-4eab-a6ea-5ebcacb22a55.png?v=1658137015,https://proof.com.sg/products/arching-lattice-auburn-rug,"['rug', 'lattice pattern', 'auburn', 'geometric']"
Effervescence De Chine Grey Rug,https://cdn.shopify.com/s/files/1/0093/8033/1583/products/Capture_4eaca5f4-3072-41f1-81f5-533a5db0464e.png?v=1658137812,https://proof.com.sg/products/effervescence-de-chine-grey-rug,"['rug', 'floral pattern', 'grey', 'contemporary']"
Burano Rug,https://cdn.shopify.com/s/files/1/0093/8033/1583/products/Capture_b7948f27-01fc-44c7-8ebb-fc547c251ef3.png?v=1658195223,https://proof.com.sg/products/burano-rug,"The image provided is too dark to accurately discern any details about the item in question. Without being able to see the item, I cannot provide keywords for it. If you have a clearer image or more information about the Burano Rug, please provide it so I can assist you better."
Luoghi Rug,https://cdn.shopify.com/s/files/1/0093/8033/1583/products/A7401071.jpg?v=1658912896,https://proof.com.sg/products/gt-design,"['rug', 'contemporary', 'gray', 'area rug']"
Railway Rug,https://cdn.shopify.com/s/files/1/0093/8033/1583/products/Capture_1c47eb25-89fe-4308-ab0b-0d93d6e12219.png?v=1658211730,https://proof.com.sg/products/woodnotes,"['rug', 'striped', 'beige', 'brown']"
Pecan Rug,https://cdn.shopify.com/s/files/1/0093/8033/1583/files/PECANRUG.png?v=1698816834,https://proof.com.sg/products/pecan-carpet,"['rug', 'textured', 'gray']"
Sherazade Basket,https://cdn.shopify.com/s/files/1/0093/8033/1583/files/SHERAZADE.png?v=1698816360,https://proof.com.sg/products/sherazade-basket,"['basket', 'woven', 'blue', 'striped']"
Solaria 3-Seater Sofa,https://cdn.shopify.com/s/files/1/0093/8033/1583/files/Capture_fd155818-7778-4c7d-9dec-b6fd4359a503.png?v=1698816201,https://proof.com.sg/products/solaria-3-seater-sofa,"['sofa', '3-seater', 'fabric', 'beige', 'contemporary']"
Sparkler Lamp,https://cdn.shopify.com/s/files/1/0093/8033/1583/files/Capture_6935effc-d64f-45ee-9e01-8430e81d5684.png?v=1698818953,https://proof.com.sg/products/sparker-large-lantern,"['lamp', 'woven', 'pendant', 'black']"
Bob Outdoor Side Table,https://cdn.shopify.com/s/files/1/0093/8033/1583/files/babsidetable1.png?v=1698815448,https://proof.com.sg/products/bob-outdoor-table-1,"['side table', 'outdoor', 'metal', 'black']"
Sherazade Rug,https://cdn.shopify.com/s/files/1/0093/8033/1583/files/ECRU.png?v=1698810913,https://proof.com.sg/products/sherazade-rug,"['rug', 'textured', 'neutral', 'bordered']"
Grand Vizier Rug,https://cdn.shopify.com/s/files/1/0093/8033/1583/files/GRANDVIZIERlg.png?v=1698810337,https://proof.com.sg/products/grand-vizier-rug,"['rug', 'woven', 'beige', 'bordered']"
Outdoor Cushion,https://cdn.shopify.com/s/files/1/0093/8033/1583/files/Capture_ef4c3984-63e8-4b16-920b-41164de89547.png?v=1698810255,https://proof.com.sg/products/outdoor-cushion,"['outdoor cushion', 'fabric', 'grey']"
Solaria Table,https://cdn.shopify.com/s/files/1/0093/8033/1583/files/solariatable1.png?v=1698809113,https://proof.com.sg/products/solaria-table,"['table', 'wood', 'modern', 'slatted', 'rectangular', 'with shelf', 'metal legs']"
The Secret Garden 2-Seater Sofa,https://cdn.shopify.com/s/files/1/0093/8033/1583/files/gardensofa5.png?v=1698808810,https://proof.com.sg/products/the-secret-garden-2-seater-sofa,"['sofa', '2-seater', 'wood', 'fabric', 'black', 'natural']"
The Secret Garden Coffee Table,https://cdn.shopify.com/s/files/1/0093/8033/1583/files/GARDENSMALL1.png?v=1698807368,https://proof.com.sg/products/the-secret-garden-table,"['coffee table', 'wood', 'round', 'scandinavian']"
The Secret Garden Dining Table,https://cdn.shopify.com/s/files/1/0093/8033/1583/files/secretgardendining1.png?v=1698805179,https://proof.com.sg/products/the-secret-garden-dining-table,"['dining table', 'wood', 'blue', 'geometric pattern']"
Bertoia Molded Shell Side Chair,https://cdn.shopify.com/s/files/1/0093/8033/1583/files/420PL_IN-WH_W_FZ.jpg?v=1711102980,https://proof.com.sg/products/knoll,"['chair', 'modern', 'plastic', 'metal', 'white']"
Saarinen Dining Table,https://cdn.shopify.com/s/files/1/0093/8033/1583/files/saarinendining.jpg?v=1698992043,https://proof.com.sg/products/saarinen-dining-table,"['dining table', 'saarinen', 'marble', 'black']"
Liz Wood Chair,https://cdn.shopify.com/s/files/1/0093/8033/1583/files/lizwood5.jpg?v=1698991413,https://proof.com.sg/products/liz-wood-chair-1,"['chair', 'wood', 'leather', 'tufted', 'brown']"
Teresa Chair,https://cdn.shopify.com/s/files/1/0093/8033/1583/files/teresa1.png?v=1698976167,https://proof.com.sg/products/teresa-chair,"['chair', 'wood', 'fabric', 'upholstered', 'purple']"
Car Diffuser (Case only),https://cdn.shopify.com/s/files/1/0093/8033/1583/files/yellow.png?v=1698805599,https://proof.com.sg/products/poltrona-frau-car-diffuser-and-refill-set-sold-separately,"['car diffuser case', 'orange']"
Car Diffuser (Refill only),https://cdn.shopify.com/s/files/1/0093/8033/1583/files/Capture_0deaa69d-5dae-4791-94e6-d4785a612ee4_1.png?v=1698800808,https://proof.com.sg/products/poltrona-frau-car-diffuser-refill-only,"['car diffuser refill', 'fragrance', 'scented']"
Mandala Movable Backdrop,https://cdn.shopify.com/s/files/1/0093/8033/1583/files/PL-34.jpg?v=1698055431,https://proof.com.sg/products/mandala,"['movable backdrop', 'mandala pattern', 'blue', 'white']"
Sciara Table,https://cdn.shopify.com/s/files/1/0093/8033/1583/files/Sciaratable1.png?v=1699421299,https://proof.com.sg/products/sciara-table,"['table', 'contemporary', 'metal', 'blue', 'marble']"
Kiti Chair,https://cdn.shopify.com/s/files/1/0093/8033/1583/files/kiti1.png?v=1699003361,https://proof.com.sg/products/kiti-chair,"['chair', 'woven', 'multicolor', 'metal legs']"
Telar Chair,https://cdn.shopify.com/s/files/1/0093/8033/1583/files/telar.png?v=1699002439,https://proof.com.sg/products/telar-chair,"['chair', 'woven', 'yellow', 'metal']"
Zoe Rug,https://cdn.shopify.com/s/files/1/0093/8033/1583/files/PL-11-2.jpg?v=1693673674,https://proof.com.sg/products/zoe-rug,"['rug', 'pink', 'textured', 'round']"
Cove Sofa,https://cdn.shopify.com/s/files/1/0093/8033/1583/files/PL-13_e60dcb84-c09f-4bfd-bbe0-060132df0d33.jpg?v=1693656711,https://proof.com.sg/products/cove-sofa,"['sofa', 'fabric', 'pink']"
Giro Side Table,https://cdn.shopify.com/s/files/1/0093/8033/1583/files/giro2.png?v=1699000718,https://proof.com.sg/products/giro-side-table,"['side table', 'terrazzo', 'pink', 'modern']"
Nido Chair,https://cdn.shopify.com/s/files/1/0093/8033/1583/files/NidoChair1.png?v=1699000054,https://proof.com.sg/products/nido-chair,"['chair', 'wicker', 'blue', 'modern', 'metal frame']"
Sciara Round Coffee Table,https://cdn.shopify.com/s/files/1/0093/8033/1583/files/Sciara3.png?v=1698999797,https://proof.com.sg/products/sciara-side-table,"['coffee table', 'round', 'blue', 'metal frame']"
Ami Armchair,https://cdn.shopify.com/s/files/1/0093/8033/1583/files/Ami2.png?v=1698999210,https://proof.com.sg/products/ami-armchair,"['armchair', 'green', 'fabric', 'textured', 'metal legs']"
Orbitry Armchair,https://cdn.shopify.com/s/files/1/0093/8033/1583/files/Orbitry3.png?v=1698998623,https://proof.com.sg/products/orbitry-armchair,"['armchair', 'wicker', 'green', 'cushion']"
Lanterna,https://cdn.shopify.com/s/files/1/0093/8033/1583/files/Lanterna2.png?v=1698998170,https://proof.com.sg/products/lanterna-lantern,"['lantern', 'metal', 'mesh', 'white']"
Strap Side Table,https://cdn.shopify.com/s/files/1/0093/8033/1583/files/STRAP4.png?v=1698998880,https://proof.com.sg/products/strap-side-table,"['side table', 'modern', 'metal', 'white']"
Berry Pouf,https://cdn.shopify.com/s/files/1/0093/8033/1583/files/berry2.png?v=1698997023,https://proof.com.sg/products/berry-pouf,"['pouf', 'knitted', 'berry', 'fabric']"
Moondance Night Table,https://cdn.shopify.com/s/files/1/0093/8033/1583/files/moondance.jpg?v=1710986599,https://proof.com.sg/products/moondance-night-table-1,"['night table', 'marble top', 'beige']"
Mi Trolley,https://cdn.shopify.com/s/files/1/0093/8033/1583/files/mitrolley2.png?v=1698747538,https://proof.com.sg/products/mi-trolley,"['trolley', 'wood', 'wheels', 'modern']"
Plot Room Divider,https://cdn.shopify.com/s/files/1/0093/8033/1583/files/roomplot8.png?v=1698744346,https://proof.com.sg/products/plot-room-divider,"['room divider', 'wood', 'contemporary', 'brown', 'gold accents']"
Bob Large Coffee Table,https://cdn.shopify.com/s/files/1/0093/8033/1583/files/PF5364632-00004.jpg?v=1711092472,https://proof.com.sg/products/bob-coffee-table-o60cm,"['coffee table', 'round', 'wood', 'metal', 'dark brown']"
Decorative Cushion,https://cdn.shopify.com/s/files/1/0093/8033/1583/files/Capture_f65f6a27-39f9-4604-a070-3d2d2c0adc72.png?v=1698799569,https://proof.com.sg/products/leather-cushion,"['cushion', 'decorative', 'fabric', 'grey']"
Archibald Dining Chair,https://cdn.shopify.com/s/files/1/0093/8033/1583/files/archibalddining5.png?v=1698742400,https://proof.com.sg/products/archibald-dining-chair-1,"['dining chair', 'fabric', 'metal', 'beige', 'upholstered', 'armchair']"
Platner Armchair,https://cdn.shopify.com/s/files/1/0093/8033/1583/files/platnerchr3.jpg?v=1698991127,https://proof.com.sg/products/platner-side-chair,"['armchair', 'metal', 'fabric', 'modern']"
Bertoia Bird Chair,https://cdn.shopify.com/s/files/1/0093/8033/1583/files/BertoiaBird.png?v=1698994991,https://proof.com.sg/products/bertoia-high-chair,"['chair', 'modern', 'metal', 'fabric', 'beige']"
Avio Modular Sofa,https://cdn.shopify.com/s/files/1/0093/8033/1583/files/avio5.jpg?v=1698990007,https://proof.com.sg/products/avio-modular-sofa,"['modular sofa', 'fabric', 'teal', 'contemporary']"
Barcelona Chair,https://cdn.shopify.com/s/files/1/0093/8033/1583/files/baecelonachair1.jpg?v=1699005074,https://proof.com.sg/products/barcelona-chair,"['chair', 'leather', 'modern', 'metal', 'brown']"
Barcelona Daybed,https://cdn.shopify.com/s/files/1/0093/8033/1583/files/Barcelona3.jpg?v=1698988909,https://proof.com.sg/products/barcelona-daybed,"['daybed', 'leather', 'tufted', 'modern', 'black', 'metal legs', 'cushion']"
Alexander Girard Side Table,https://cdn.shopify.com/s/files/1/0093/8033/1583/files/AlexanderGirard3.jpg?v=1698984422,https://proof.com.sg/products/alexander-girard-table,"['side table', 'wood', 'modern']"
Saarinen Conference Armchair,https://cdn.shopify.com/s/files/1/0093/8033/1583/products/Capture_91f8ce95-5115-4cac-9ae7-ea363f4b3e43.png?v=1666944816,https://proof.com.sg/products/saarinen-conference-armchair,"['armchair', 'fabric', 'metal', 'blue']"
Saarinen Conference Sidechair,https://cdn.shopify.com/s/files/1/0093/8033/1583/products/Capture_fdfee05f-43e9-4f5e-b2e5-ba0d03cc551f.png?v=1666945529,https://proof.com.sg/products/saarinen-conference-sidechair,"['sidechair', 'upholstered', 'fabric', 'brown', 'metal legs']"
Bottled,https://cdn.shopify.com/s/files/1/0093/8033/1583/files/bottled1.png?v=1699239018,https://proof.com.sg/products/ambientec,"['bottle', 'glass', 'transparent', 'modern']"
Hymn,https://cdn.shopify.com/s/files/1/0093/8033/1583/files/hymn1.png?v=1699238692,https://proof.com.sg/products/hymn,"['table lamp', 'glass', 'metal', 'gold', 'modern']"
Sage,https://cdn.shopify.com/s/files/1/0093/8033/1583/files/sage1.png?v=1699238451,https://proof.com.sg/products/sage,"['table lamp', 'modern', 'metal', 'black', 'white']"
Turn,https://cdn.shopify.com/s/files/1/0093/8033/1583/files/turn1.png?v=1699236901,https://proof.com.sg/products/turn,"['table lamp', 'modern', 'metal', 'black']"
Turn+,https://cdn.shopify.com/s/files/1/0093/8033/1583/files/turn_1.png?v=1699236536,https://proof.com.sg/products/turn-1,"It seems like you've provided an image of a lamp without a specific title or context. If you're looking for keywords related to this item, here they are:

['lamp', 'modern', 'metal', 'glass', 'led']"
Xtal,https://cdn.shopify.com/s/files/1/0093/8033/1583/files/xtal10.png?v=1699237608,https://proof.com.sg/products/xtal,"['candle holder', 'crystal', 'transparent', 'decorative']"
Cachalot,https://cdn.shopify.com/s/files/1/0093/8033/1583/files/Cachalot1.png?v=1699234798,https://proof.com.sg/products/cachalot,"['cachalot', 'sculpture', 'glass', 'metal', 'transparent', 'copper']"
Mandrillus Mask,https://cdn.shopify.com/s/files/1/0093/8033/1583/files/Mandrillusmask1.png?v=1699515022,https://proof.com.sg/products/bosa,"['wall mask', 'ceramic', 'decorative', 'multicolor', 'animal motif']"
Brazza Vase,https://cdn.shopify.com/s/files/1/0093/8033/1583/files/Brazzavase1.png?v=1699514220,https://proof.com.sg/products/brazza-mask,"['vase', 'ceramic', 'decorative', 'figurative', 'gold', 'blue', 'white']"
Kandti Vase,https://cdn.shopify.com/s/files/1/0093/8033/1583/files/Kandtivase1.png?v=1699514269,https://proof.com.sg/products/kandti-mask,"['vase', 'ceramic', 'decorative', 'gold accent', 'blue', 'grey']"
Sister Clara,https://cdn.shopify.com/s/files/1/0093/8033/1583/files/clara1.png?v=1699512877,https://proof.com.sg/products/hopebird,"['decorative vase', 'ceramic', 'face design', 'striped', 'black and white']"
Sister Louise,https://cdn.shopify.com/s/files/1/0093/8033/1583/files/louise1.png?v=1699513080,https://proof.com.sg/products/sister-louise,"It seems you've provided a title or name, ""Sister Louise,"" but I'm here to help with identifying and tagging the item in the image. Based on the image provided, here are the keywords for the item depicted:

['decorative vase', 'ceramic', 'red', 'face design']"
Sister Frida,https://cdn.shopify.com/s/files/1/0093/8033/1583/products/bosa-vaso-sister-clara-decoro-ricci_8bf5a153-b3e5-477b-9db0-15569c94401d.jpg?v=1670898317,https://proof.com.sg/products/sister-frida,"['vase', 'contemporary', 'ceramic', 'blue', 'red', 'face design']"
Maestro Theatrehayon Vase,https://cdn.shopify.com/s/files/1/0093/8033/1583/files/Maestro2.png?v=1699512683,https://proof.com.sg/products/maestro-theatrehayon-vase,"['vase', 'ceramic', 'decorative', 'patterned', 'multicolor']"
TheatreHayon Takuya Double Vase,https://cdn.shopify.com/s/files/1/0093/8033/1583/files/TheatreHayonTakuya1.png?v=1699509266,https://proof.com.sg/products/theatrehayon-takuya-double-vase,"['vase', 'ceramic', 'decorative', 'contemporary', 'figurative', 'black', 'white', 'red', 'gold']"
TheatreHayon King Vase,https://cdn.shopify.com/s/files/1/0093/8033/1583/files/TheatreHayonvase1.png?v=1699499104,https://proof.com.sg/products/theatrehayon-king-vase,"['vase', 'ceramic', 'decorative', 'white', 'gold', 'striped', 'polka dot', 'face design']"
Primates Brazza Mask,https://cdn.shopify.com/s/files/1/0093/8033/1583/files/BrazzaMask1.png?v=1699498944,https://proof.com.sg/products/primates-brazza-mask,"['wall decor', 'mask', 'metallic', 'gold', 'silver', 'copper', 'animal theme']"
Kandti Mask,https://cdn.shopify.com/s/files/1/0093/8033/1583/files/Kandtimask1.png?v=1699498261,https://proof.com.sg/products/kandti-mask-1,"['decorative mask', 'ceramic', 'tribal', 'grey', 'gold']"
Screech Owls Vase,https://cdn.shopify.com/s/files/1/0093/8033/1583/files/owls2.png?v=1699323858,https://proof.com.sg/products/owls-civetta-nana-vase,"['vase', 'animal-themed', 'owl', 'ceramic', 'black', 'decorative']"
Barn Owls Vase,https://cdn.shopify.com/s/files/1/0093/8033/1583/files/owls3.png?v=1699323924,https://proof.com.sg/products/owls-barn-vase,"['vase', 'animal-themed', 'ceramic', 'white']"
Owl Vase,https://cdn.shopify.com/s/files/1/0093/8033/1583/files/owls1.png?v=1699323776,https://proof.com.sg/products/owls-owl-vase,"['vase', 'owl-shaped', 'ceramic', 'grey']"
Mr. James,https://cdn.shopify.com/s/files/1/0093/8033/1583/files/Untitled-design-3-10-2048x2048.png?v=1699243215,https://proof.com.sg/products/mr-james,"['decorative item', 'figurine', 'black', 'white', 'gold', 'ceramic', 'metal']"
Bernardo Panda,https://cdn.shopify.com/s/files/1/0093/8033/1583/files/Bernardopanda1.png?v=1699243043,https://proof.com.sg/products/bernardo-panda,"['figurine', 'decorative', 'multicolor', 'ceramic']"
Primates Plate G1,https://cdn.shopify.com/s/files/1/0093/8033/1583/files/primates-bosa-plateG2.png?v=1699498031,https://proof.com.sg/products/primates-plate,"['plate', 'decorative', 'ceramic', 'illustrated', 'white']"
Primates Plate G2,https://cdn.shopify.com/s/files/1/0093/8033/1583/files/primates-bosa-plateG1.png?v=1699498013,https://proof.com.sg/products/primates-plate-g1,"['plate', 'decorative', 'ceramic', 'animal print', 'multicolor']"
Primates Plate G3,https://cdn.shopify.com/s/files/1/0093/8033/1583/files/primates-bosa-plateG3.png?v=1699498059,https://proof.com.sg/products/primates-plate-g3,"['plate', 'ceramic', 'decorative', 'animal print']"
Primates Plate G5,https://cdn.shopify.com/s/files/1/0093/8033/1583/files/primates-bosa-plateG5.png?v=1699498045,https://proof.com.sg/products/primates-plate-g5,"['plate', 'ceramic', 'decorative', 'animal print', 'primates']"
Primates Plate G6,https://cdn.shopify.com/s/files/1/0093/8033/1583/files/primates-bosa-plateG6.png?v=1699498038,https://proof.com.sg/products/primates-plate-g6,"['plate', 'decorative', 'animal print', 'round', 'ceramic']"
Fusca Small Vase,https://cdn.shopify.com/s/files/1/0093/8033/1583/files/Capture_c9081193-7043-4abd-9e29-2f6613c66fe9.png?v=1699321287,https://proof.com.sg/products/fusca-vase,"['vase', 'ceramic', 'white', 'contemporary']"
Fusca Large Vase,https://cdn.shopify.com/s/files/1/0093/8033/1583/files/furca1.png?v=1699321289,https://proof.com.sg/products/fusca-large-vase,"['vase', 'large', 'ceramic', 'white']"
Flying Circles Bookcase,https://cdn.shopify.com/s/files/1/0093/8033/1583/files/flyingcircle1.jpg?v=1698975910,https://proof.com.sg/products/flying-circles-bookcase,"['bookcase', 'contemporary', 'metal', 'wood', 'black']"
Scrinium Vanity,https://cdn.shopify.com/s/files/1/0093/8033/1583/files/Scrinium1.jpg?v=1698975610,https://proof.com.sg/products/scrinium-vanity,"['vanity', 'wood', 'metal', 'modern']"
Alberi Di Toscana,https://cdn.shopify.com/s/files/1/0093/8033/1583/files/Alberi1.jpg?v=1698975007,https://proof.com.sg/products/alberi-di-toscana,"['decorative item', 'sculpture', 'ceramic', 'white', 'beige', 'tree-shaped']"
Wine Bag,https://cdn.shopify.com/s/files/1/0093/8033/1583/files/winebag1.png?v=1698739769,https://proof.com.sg/products/wine-bag,"['wine bag', 'leather', 'two-tone', 'beige', 'brown']"
Ginger Ale Chair,https://cdn.shopify.com/s/files/1/0093/8033/1583/files/Gingerale6.png?v=1698739338,https://proof.com.sg/products/ginger-ale-chair,"['chair', 'modern', 'wood', 'fabric', 'beige']"
Aurora Tre King Bed,https://cdn.shopify.com/s/files/1/0093/8033/1583/files/Aututotre8.png?v=1698735939,https://proof.com.sg/products/aurora-tre-king-bed,"['king bed', 'upholstered', 'leather', 'beige', 'contemporary']"
Happy Jack Sofa,https://cdn.shopify.com/s/files/1/0093/8033/1583/files/happyjack4.png?v=1698735248,https://proof.com.sg/products/happy-jack-sofa,"['sofa', 'sectional', 'fabric', 'metal', 'gray']"
Harp Rug,https://cdn.shopify.com/s/files/1/0093/8033/1583/files/PF5623883-00001.jpg?v=1710990199,https://proof.com.sg/products/harp-rug,"['rug', 'striped', 'brown', 'textured']"
Fidelio Small Rectangle Side Table,https://cdn.shopify.com/s/files/1/0093/8033/1583/files/fideliosmall1.png?v=1698731984,https://proof.com.sg/products/fidelio-side-table,"['side table', 'rectangle', 'wood']"
Fidelio Rectangle Side Table,https://cdn.shopify.com/s/files/1/0093/8033/1583/files/Fidelioretangle.png?v=1698731448,https://proof.com.sg/products/fidelio-coffee-table-1,"['side table', 'rectangle', 'wood']"
Fiorile Triangle Table,https://cdn.shopify.com/s/files/1/0093/8033/1583/files/fioriletrangle5.png?v=1698726529,https://proof.com.sg/products/fiorile-triangle-table,"['triangle table', 'black', 'metal']"
Fiorile Square Coffee Table,https://cdn.shopify.com/s/files/1/0093/8033/1583/files/fiorilecoffeetable.png?v=1698726055,https://proof.com.sg/products/fiorile-square-coffee-table,"['coffee table', 'square', 'black', 'wood']"
Fiorile Coffee Table,https://cdn.shopify.com/s/files/1/0093/8033/1583/files/fireliocoffeetable1.png?v=1698725682,https://proof.com.sg/products/fiorile-coffee-table-1,"['coffee table', 'contemporary', 'black', 'wood']"
Fiorile Dual Shelf Coffee Table,https://cdn.shopify.com/s/files/1/0093/8033/1583/files/dualshaft2.png?v=1698724517,https://proof.com.sg/products/fiorile-coffee-table-with-dual-shelf,"['coffee table', 'dual shelf', 'marble', 'wood', 'contemporary']"
Ren Side Table,https://cdn.shopify.com/s/files/1/0093/8033/1583/files/rensidetable6.png?v=1702439156,https://proof.com.sg/products/ren-side-table-1,"['side table', 'wood', 'modern', 'white', 'gold']"
Ren Valet,https://cdn.shopify.com/s/files/1/0093/8033/1583/files/renvalet2.png?v=1698721573,https://proof.com.sg/products/ren-valet,"['valet stand', 'wood', 'fabric', 'brown', 'tan']"
Ren Dressing Table,https://cdn.shopify.com/s/files/1/0093/8033/1583/files/rendressingtable4.png?v=1698720028,https://proof.com.sg/products/copy-of-ren-dressing-table,"['dressing table', 'wood', 'modern', 'mirror']"
Ren Standing Mirror,https://cdn.shopify.com/s/files/1/0093/8033/1583/files/renstandingmirror3.png?v=1698714698,https://proof.com.sg/products/ren-standing-mirror,"['standing mirror', 'wood', 'modern']"
Lloyd Tex Bookcase,https://cdn.shopify.com/s/files/1/0093/8033/1583/files/LloydTexBookcase1.png?v=1698717676,https://proof.com.sg/products/llyod-bookcase,"['bookcase', 'contemporary', 'metal', 'wood', 'black', 'modular']"
Montera Mas Chair,https://cdn.shopify.com/s/files/1/0093/8033/1583/files/Monteramas2.png?v=1698717492,https://proof.com.sg/products/montera-mas-chair-1,"['chair', 'fabric', 'metal', 'grey']"
Isadora Chair,https://cdn.shopify.com/s/files/1/0093/8033/1583/files/isadorapol1.png?v=1706078354,https://proof.com.sg/products/isadora-chair-1,"['chair', 'wood', 'fabric', 'brown']"
Journey Cushion,https://cdn.shopify.com/s/files/1/0093/8033/1583/files/Pier157.png?v=1698369786,https://proof.com.sg/products/journey-cushion-57x35,"['cushion', 'woven', 'green', 'white', 'fabric']"
Journey Cushion,https://cdn.shopify.com/s/files/1/0093/8033/1583/files/Pier1.png?v=1698369399,https://proof.com.sg/products/journey-cushion-47x47,"['cushion', 'woven', 'leather', 'green', 'white', 'brown']"
Homey Table,https://cdn.shopify.com/s/files/1/0093/8033/1583/files/Homey1.png?v=1698716584,https://proof.com.sg/products/homey,"['table', 'modern', 'black', 'marble', 'metal']"
Tableau,https://cdn.shopify.com/s/files/1/0093/8033/1583/files/Hiver.png?v=1698716484,https://proof.com.sg/products/tableau-130-x-130,"['wall art', 'abstract', 'multicolor', 'framed', 'geometric']"
Leather Basket,https://cdn.shopify.com/s/files/1/0093/8033/1583/files/Leatherbasket_Basket.png?v=1698716114,https://proof.com.sg/products/leather-basket,"['basket', 'leather', 'brown']"
Chambre Close,https://cdn.shopify.com/s/files/1/0093/8033/1583/files/CC-10.jpg?v=1711101214,https://proof.com.sg/products/chambre-close,"['chair', 'modern', 'metal', 'black']"
Water Illusion Vase,https://cdn.shopify.com/s/files/1/0093/8033/1583/files/waterillusion5_6bb4bdc2-57b5-4cfb-86f4-17ec6d5343d8.png?v=1698716034,https://proof.com.sg/products/water-illusion-vase-sunny-side,"['vase', 'decorative', 'glass', 'amber', 'irregular shape']"
Leather Pot - Large,https://cdn.shopify.com/s/files/1/0093/8033/1583/files/Large_d0628267-cb5e-452a-abdf-4e8d27bdcb67.png?v=1698715521,https://proof.com.sg/products/alto-leather-pot,"['pot', 'leather', 'large', 'container']"
Zhuang Round Tray,https://cdn.shopify.com/s/files/1/0093/8033/1583/files/roundtray.png?v=1698715789,https://proof.com.sg/products/zhuang-round-tray,"['tray', 'round', 'wood', 'leather', 'brown']"
Zhuang Oval Tray,https://cdn.shopify.com/s/files/1/0093/8033/1583/files/ovaltray.png?v=1698715769,https://proof.com.sg/products/zhuang-oval-tray,"['tray', 'oval', 'wood']"
Leather Pot - High,https://cdn.shopify.com/s/files/1/0093/8033/1583/files/High_4cff9a18-2ac9-4aca-90a3-640b1a2623fb.png?v=1698715514,https://proof.com.sg/products/alto-leather-pot-small,"['pot', 'leather', 'high', 'red']"
Leather Pot - Small,https://cdn.shopify.com/s/files/1/0093/8033/1583/files/small_edb5d5e8-68f0-44f4-99cd-d81576a78ad3.png?v=1698715503,https://proof.com.sg/products/alto-leather-pot-medium,"['pot', 'leather', 'small', 'gray']"
Downtown Executive Chair,https://cdn.shopify.com/s/files/1/0093/8033/1583/files/EXECUTIVE1.png?v=1706152682,https://proof.com.sg/products/downtown-executive-chair,"['executive chair', 'swivel', 'upholstered', 'armrests', 'rolling', 'adjustable', 'black', 'metal']"
Trust Desk,https://cdn.shopify.com/s/files/1/0093/8033/1583/files/trustdesk2.jpg?v=1711956334,https://proof.com.sg/products/trust-desk,"['desk', 'modern', 'beige']"
Leather Case,https://cdn.shopify.com/s/files/1/0093/8033/1583/files/leathercase1_488a851c-aa9d-40bf-b136-d29360cc5e4f.png?v=1698714874,https://proof.com.sg/products/leather-case,"['case', 'leather', 'woven pattern', 'brown']"
Mito Sfera Corda 60,https://cdn.shopify.com/s/files/1/0093/8033/1583/files/Productimages_Occhio-08.jpg?v=1693757275,https://proof.com.sg/products/mito-sfera-60,"['wall mirror', 'round', 'metal', 'modern']"
Saint Louis Ceiling Lamp,https://cdn.shopify.com/s/files/1/0093/8033/1583/files/saint1.jpg?v=1698973868,https://proof.com.sg/products/saint-louis-ceiling-lamp,"['ceiling lamp', 'modern', 'glass', 'metal', 'white', 'gold', 'gray']"
"Saarinen Side Table 20""",https://cdn.shopify.com/s/files/1/0093/8033/1583/files/saarinenside207.jpg?v=1698984160,https://proof.com.sg/products/saarinen-side-table-20,"['side table', 'marble', 'mid-century modern', 'round', 'white base', 'green top']"
Saarinen Oval Dining Table,https://cdn.shopify.com/s/files/1/0093/8033/1583/files/SaarinenOval3.jpg?v=1698983694,https://proof.com.sg/products/saarinen-oval-dining-table,"['dining table', 'oval', 'marble', 'white']"
Platner Round Table,https://cdn.shopify.com/s/files/1/0093/8033/1583/files/Knoll-27_bff4386c-ee9d-486c-9f28-c7e039b76cd0.jpg?v=1699421171,https://proof.com.sg/products/platner-round-table,"['round table', 'glass top', 'metal base', 'modern']"
Saarinen Tulip Side Chair,https://cdn.shopify.com/s/files/1/0093/8033/1583/files/Saarinentulip2.jpg?v=1698982287,https://proof.com.sg/products/saarinen-tulip-side-chair,"['chair', 'modern', 'plastic', 'yellow', 'white']"
Four Season Stool,https://cdn.shopify.com/s/files/1/0093/8033/1583/files/4seasonstool3.jpg?v=1698981091,https://proof.com.sg/products/four-season-stool,"['stool', 'metal', 'leather', 'brown']"
Pilot High Back Armchair,https://cdn.shopify.com/s/files/1/0093/8033/1583/files/Pilothigh3.jpg?v=1698980973,https://proof.com.sg/products/pilot-high-back-armchair,"['armchair', 'high back', 'fabric', 'blue', 'metal base']"
Pilot Ottoman,https://cdn.shopify.com/s/files/1/0093/8033/1583/files/pilotottoman2.jpg?v=1698980786,https://proof.com.sg/products/pilot-ottoman,"['ottoman', 'fabric', 'blue', 'modern']"
"Saarinen Side Table 16""",https://cdn.shopify.com/s/files/1/0093/8033/1583/files/saarinen161.jpg?v=1698979082,https://proof.com.sg/products/saarinen-side-table-16,"['side table', 'saarinen', 'marble', 'black']"
Mito Raggio Floor Lamp,https://cdn.shopify.com/s/files/1/0093/8033/1583/files/Untitleddesign_3.png?v=1698043456,https://proof.com.sg/products/mito-raggio-floor-lamp,"['floor lamp', 'modern', 'metal', 'black', 'rose gold']"
Mandrillus Vase,https://cdn.shopify.com/s/files/1/0093/8033/1583/files/MandrillusVase1.png?v=1699514907,https://proof.com.sg/products/mandrillus-vase,"['vase', 'ceramic', 'decorative', 'animal motif', 'multicolor', 'gold accent']"
Pangea Geo Rug,https://cdn.shopify.com/s/files/1/0093/8033/1583/files/AN269551.png?v=1701411094,https://proof.com.sg/products/pangea-geo-rug,"['rug', 'abstract', 'contemporary', 'gray', 'beige', 'black']"
Composizione 1956 Rug,https://cdn.shopify.com/s/files/1/0093/8033/1583/files/Amini-ManlioRho-Comp1956-charcoal-cover.jpg?v=1701418634,https://proof.com.sg/products/composizione-1956-rug,"['rug', 'abstract', 'black', 'white']"
Happy Jack Sectional Chaise,https://cdn.shopify.com/s/files/1/0093/8033/1583/files/PF5678146SC51SXB1.png?v=1701756947,https://proof.com.sg/products/happy-jack-sectional-chaise,"['sectional chaise', 'fabric', 'grey', 'contemporary']"
Ren Magazine Rack,https://cdn.shopify.com/s/files/1/0093/8033/1583/files/renmagazine.png?v=1701757455,https://proof.com.sg/products/ren-magazine-rack,"['magazine rack', 'wood', 'modern', 'freestanding']"
Fidelio Round Side Table,https://cdn.shopify.com/s/files/1/0093/8033/1583/files/fidelioround3_fa6af68a-3e23-4b38-8cbc-aa2dd69dd25a.png?v=1701848987,https://proof.com.sg/products/copy-of-fidelio-elliptical-side-table,"['side table', 'round', 'wood']"
Vanity Fair XC Ottoman,https://cdn.shopify.com/s/files/1/0093/8033/1583/files/vanity2.png?v=1701850277,https://proof.com.sg/products/copy-of-pilot-ottoman,"['ottoman', 'leather', 'brown']"
Vanity Fair XC Armchair,https://cdn.shopify.com/s/files/1/0093/8033/1583/files/vanityfair3.png?v=1701929442,https://proof.com.sg/products/copy-of-archibald-armchair,"['armchair', 'blue', 'fabric', 'contemporary']"
Archibald 2 Seater Sofa,https://cdn.shopify.com/s/files/1/0093/8033/1583/files/archibaldsofa3.png?v=1702021317,https://proof.com.sg/products/copy-of-happy-jack-sofa,"['sofa', '2 seater', 'fabric', 'blue', 'modern']"
Trusty Tray,https://cdn.shopify.com/s/files/1/0093/8033/1583/files/TRUSTYTRAY2.png?v=1702028773,https://proof.com.sg/products/copy-of-leather-case,"['tray', 'yellow', 'leather']"
Knot Small Pendent Light,https://cdn.shopify.com/s/files/1/0093/8033/1583/files/KnotFresa1.png?v=1702981823,https://proof.com.sg/products/knot-small-fresa,"['pendant light', 'glass', 'amber', 'modern']"
Muffin Lamp,https://cdn.shopify.com/s/files/1/0093/8033/1583/files/Muffin1.png?v=1703143058,https://proof.com.sg/products/muffin-lamp,"['table lamp', 'glass', 'wood', 'modern']"
Lens 9 pcs Pendant Light,https://cdn.shopify.com/s/files/1/0093/8033/1583/files/lens1.png?v=1703132749,https://proof.com.sg/products/lens-9pcs-pendant-light,"['pendant light', 'contemporary', 'metal', 'glass']"
Soap Mini 12 pcs Pendant Light,https://cdn.shopify.com/s/files/1/0093/8033/1583/files/BMSOAPM3.16WHITE.jpg?v=1708851240,https://proof.com.sg/products/copy-of-lens-9pcs-pendant-light,"['pendant light', 'contemporary', 'glass', 'metal', 'white']"
Monuments Magazine Holder,https://cdn.shopify.com/s/files/1/0093/8033/1583/files/monuments3.png?v=1703146922,https://proof.com.sg/products/monuments-magazine-holder,"['magazine holder', 'contemporary', 'marble', 'metal']"
Echasse Bowl,https://cdn.shopify.com/s/files/1/0093/8033/1583/files/BOWL3.png?v=1703147611,https://proof.com.sg/products/echasse-bowl,"['bowl', 'glass', 'metal', 'modern']"
Echasse Hurricane,https://cdn.shopify.com/s/files/1/0093/8033/1583/files/HURRICANE2.png?v=1703147814,https://proof.com.sg/products/copy-of-echasse-bowl,"['hurricane candle holder', 'glass', 'metal', 'smoked', 'brass']"
Ellington Border Rug,https://cdn.shopify.com/s/files/1/0093/8033/1583/files/ellington1.png?v=1703150488,https://proof.com.sg/products/topaz-floor-mirror,"['rug', 'border', 'brown']"
AER Vase,https://cdn.shopify.com/s/files/1/0093/8033/1583/files/aer4.png?v=1703151753,https://proof.com.sg/products/copy-of-ellington-border-rugs,"['vase', 'glass', 'green']"
Duo 3-Seater Sofa,https://cdn.shopify.com/s/files/1/0093/8033/1583/files/Duosofa1.png?v=1705996902,https://proof.com.sg/products/duo-3-seater-sofa,"['sofa', '3-seater', 'fabric', 'white', 'modern']"
Archibald King Armchair,https://cdn.shopify.com/s/files/1/0093/8033/1583/files/archibaldking1_991c314a-ca17-4480-a3ae-d0f090a9d5c8.png?v=1706005130,https://proof.com.sg/products/archibald-king-armchair-1,"['armchair', 'leather', 'contemporary', 'green']"
Duo Lounge Armchair,https://cdn.shopify.com/s/files/1/0093/8033/1583/files/duo1.png?v=1706007891,https://proof.com.sg/products/duo-lounge-armchair,"['armchair', 'lounge chair', 'green', 'fabric', 'wood']"
Bob Bistrot Square Small Table,https://cdn.shopify.com/s/files/1/0093/8033/1583/files/bistrot3.png?v=1706079105,https://proof.com.sg/products/bob-bistrot-square-small-table,"['small table', 'square', 'wood', 'metal']"
Mamy Blue Bed 180,https://cdn.shopify.com/s/files/1/0093/8033/1583/files/MAMYBLUE3.png?v=1706083391,https://proof.com.sg/products/mamy-blue-bed-180,"['bed', 'upholstered', 'contemporary', 'wood', 'fabric', 'tan', 'grey']"
Zefiro Bedstead,https://cdn.shopify.com/s/files/1/0093/8033/1583/files/bedstead6.png?v=1706161673,https://proof.com.sg/products/zefiro-bedstead,"['bedstead', 'wood', 'slatted']"
Mito Cosmo Move 40,https://cdn.shopify.com/s/files/1/0093/8033/1583/files/OCM6E4285W1RG.jpg?v=1711444944,https://proof.com.sg/products/mito-cosmo-move-40,"['pendant light', 'led', 'modern', 'metal', 'rose gold']"
Mito Cosmo Move 60,https://cdn.shopify.com/s/files/1/0093/8033/1583/files/OCM6EG285WIRG.jpg?v=1711445125,https://proof.com.sg/products/mito-cosmo-move-60,"['pendant light', 'led', 'modern', 'metal', 'rose gold']"
